类别,中文名,图鉴条目,摆放actor,点位数,英文名
蘑菇,速速蘑菇,IsNewPictureBook_Item_MushroomGet_D,Item_Mushroom_D,2094,Rushroom
水果,苹果,IsNewPictureBook_Item_Fruit_A,Item_Fruit_A,1158,Apple
植物,速速紫罗兰,IsNewPictureBook_Item_PlantGet_O,Item_Plant_O,1129,Swift Violet
矿物,矿床,IsNewPictureBook_Obj_Mineral_A_01,Obj_Mineral_A_01,942,Ore Deposit
蘑菇,海拉鲁蘑菇,IsNewPictureBook_Item_Mushroom_E,Item_Mushroom_E,498,Hylian Shroom
蘑菇,潜行蘑菇,IsNewPictureBook_Item_Mushroom_J,Item_Mushroom_J,471,Silent Shroom
矿物,夜光矿床,IsNewPictureBook_Obj_Mineral_C_01,Obj_Mineral_C_01,448,Luminous Stone Deposit
水果,草莓,IsNewPictureBook_Item_Fruit_B,Item_Fruit_B,399,Wildberry
水果,暖暖草果,IsNewPictureBook_Item_Fruit_I,Item_Fruit_I,380,Spicy Pepper
植物,海拉鲁草,IsNewPictureBook_Item_PlantGet_A,Item_Plant_A,323,Hyrule Herb
植物,冰冷香草,IsNewPictureBook_Item_PlantGet_E,Item_Plant_E,305,Cool Safflina
水果,椰子,IsNewPictureBook_Item_Fruit_G,Item_Fruit_G,299,Palm Fruit
蘑菇,冰冷蘑菇,IsNewPictureBook_Item_Mushroom_B,Item_Mushroom_B,287,Chillshroom
蘑菇,精力蘑菇,IsNewPictureBook_Item_Mushroom_A,Item_Mushroom_A,276,Stamella Shroom
蘑菇,铠甲蘑菇,IsNewPictureBook_Item_Mushroom_M,Item_Mushroom_M,260,Ironshroom
矿物,稀有矿床,IsNewPictureBook_Obj_Mineral_B_01,Obj_Mineral_B_01,258,Rare Ore Deposit
蘑菇,生命松露,IsNewPictureBook_Item_Mushroom_F,Item_Mushroom_F,244,Hearty Truffle
蘑菇,大剑蘑菇,IsNewPictureBook_Item_Mushroom_L,Item_Mushroom_L,224,Razorshroom
昆虫,静静萤火虫,IsNewPictureBook_Animal_Insect_E,Animal_Insect_E,205,Sunset Firefly
蘑菇,酥麻蘑菇,IsNewPictureBook_Item_Mushroom_H,Item_Mushroom_H,190,Zapshroom
鱼,海拉鲁鲈鱼,IsNewPictureBook_Item_FishGet_A,Animal_Fish_A,185,Hyrule Bass
水果,冰冷蜜瓜,IsNewPictureBook_Item_Fruit_F,Item_Fruit_F,183,Hydromelon
水果,酥麻水果,IsNewPictureBook_Item_Fruit_C,Item_Fruit_C,178,Voltfruit
植物,生命小萝卜,IsNewPictureBook_Item_PlantGet_B,Item_Plant_B,177,Hearty Radish
鱼,大剑鲷鱼,IsNewPictureBook_Item_FishGet_F,Animal_Fish_F,150,Mighty Porgy
植物,潜行草,IsNewPictureBook_Item_PlantGet_I,Item_Plant_I,131,Blue Nightshade
水果,速速莲蓬,IsNewPictureBook_Item_Fruit_E,Item_Fruit_E,131,Fleet-Lotus Seeds
鱼,铠甲鲷鱼,IsNewPictureBook_Item_FishGet_G,Animal_Fish_G,130,Armored Porgy
蘑菇,暖暖蘑菇,IsNewPictureBook_Item_Mushroom_C,Item_Mushroom_C,118,Sunshroom
水果,生命榴莲,IsNewPictureBook_Item_Fruit_D,Item_Fruit_D,116,Hearty Durian
植物,铠甲草,IsNewPictureBook_Item_PlantGet_H,Item_Plant_H,103,Armoranth
昆虫,速速蛙,IsNewPictureBook_Animal_Insect_A,Animal_Insect_A,102,Hot-Footed Frog
水果,大剑香蕉,IsNewPictureBook_Item_Fruit_H,Item_Fruit_H,98,Mighty Bananas
植物,酥麻香草,IsNewPictureBook_Item_PlantGet_L,Item_Plant_L,89,Electric Safflina
蘑菇,毅力蘑菇,IsNewPictureBook_Item_Mushroom_O,Item_Mushroom_O,87,Endura Shroom
植物,大剑草,IsNewPictureBook_Item_PlantGet_G,Item_Plant_G,86,Mighty Thistle
植物,暖暖香草,IsNewPictureBook_Item_PlantGet_F,Item_Plant_F,78,Warm Safflina
植物,生命大萝卜,IsNewPictureBook_Item_PlantGet_C,Item_Plant_C,63,Big Hearty Radish
鱼,精力鲈鱼,IsNewPictureBook_Item_FishGet_L,Animal_Fish_L,61,Staminoka Bass
蘑菇,大生命松露,IsNewPictureBook_Item_Mushroom_N,Item_Mushroom_N,59,Big Hearty Truffle
昆虫,暖暖蜻蜓,IsNewPictureBook_Animal_Insect_T,Animal_Insect_T,58,Warm Darner
昆虫,速速蜥,IsNewPictureBook_Animal_Insect_S,Animal_Insect_S,55,Hightail Lizard
鱼,生命鲈鱼,IsNewPictureBook_Item_FishGet_B,Animal_Fish_B,46,Hearty Bass
昆虫,冰冷蜻蜓,IsNewPictureBook_Animal_Insect_C,Animal_Insect_C,45,Cold Darner
昆虫,冰冷凤蝶,IsNewPictureBook_Animal_Insect_N,Animal_Insect_N,44,Winterwing Butterfly
昆虫,精力螃蟹,IsNewPictureBook_Item_InsectGet_Z,Animal_Insect_Z,44,Bright-Eyed Crab
鱼,大剑鲤鱼,IsNewPictureBook_Item_FishGet_E,Animal_Fish_E,44,Mighty Carp
鱼,潜行田螺,IsNewPictureBook_Item_FishGet_M,Animal_Fish_M,41,Sneaky River Snail
鱼,铠甲鲤鱼,IsNewPictureBook_Item_FishGet_H,Animal_Fish_H,39,Armored Carp
昆虫,精力蚱蜢,IsNewPictureBook_Animal_Insect_H,Animal_Insect_H,34,Restless Cricket
昆虫,精灵,IsNewPictureBook_Animal_Insect_F,Animal_Insect_F,31,Fairy
昆虫,暖暖凤蝶,IsNewPictureBook_Animal_Insect_Q,Animal_Insect_Q,31,Summerwing Butterfly
植物,毅力胡萝卜,IsNewPictureBook_Item_PlantGet_Q,Item_Plant_Q,30,Endura Carrot
昆虫,耐火蜥,IsNewPictureBook_Animal_Insect_X,Animal_Insect_X,28,Fireproof Lizard
植物,静谧公主,IsNewPictureBook_Item_PlantGet_J,Item_Plant_J,28,Silent Princess
昆虫,大剑独角仙,IsNewPictureBook_Animal_Insect_G,Animal_Insect_G,26,Bladed Rhino Beetle
鱼,冰冷鳟鱼,IsNewPictureBook_Item_FishGet_C,Animal_Fish_C,24,Chillfin Trout
昆虫,酥麻凤蝶,IsNewPictureBook_Animal_Insect_R,Animal_Insect_R,20,Thunderwing Butterfly
昆虫,铠甲独角仙,IsNewPictureBook_Animal_Insect_P,Animal_Insect_P,19,Rugged Rhino Beetle
植物,速速胡萝卜,IsNewPictureBook_Item_PlantGet_M,Item_Plant_M,19,Swift Carrot
鱼,生命海螺,IsNewPictureBook_Item_FishGet_K,Animal_Fish_K,19,Hearty Blueshell Snail
昆虫,大剑螃蟹,IsNewPictureBook_Item_InsectGet_K,Animal_Insect_K,15,Razorclaw Crab
昆虫,精力独角仙,IsNewPictureBook_Animal_Insect_AA,Animal_Insect_AA,13,Energetic Rhino Beetle
昆虫,生命蜥,IsNewPictureBook_Animal_Insect_M,Animal_Insect_M,11,Hearty Lizard
鱼,生命三文鱼,IsNewPictureBook_Item_FishGet_I,Animal_Fish_I,11,Hearty Salmon
水果,铠甲南瓜,IsNewPictureBook_Item_Fruit_J,Item_Fruit_J,8,Fortified Pumpkin
昆虫,酥麻蜻蜓,IsNewPictureBook_Animal_Insect_I,Animal_Insect_I,6,Electric Darner
昆虫,铠甲螃蟹,IsNewPictureBook_Item_InsectGet_O,Animal_Insect_O,6,Ironshell Crab
鱼,三色鲤鱼,IsNewPictureBook_Item_FishGet_Z,Animal_Fish_Z,6,Sanke Carp
鱼,酥麻鳟鱼,IsNewPictureBook_Item_FishGet_D,Animal_Fish_D,5,Voltfin Trout
昆虫,毅力蛙,IsNewPictureBook_Animal_Insect_B,Animal_Insect_B,3,Tireless Frog
昆虫,耐火凤蝶,IsNewPictureBook_Animal_Insect_AB,Animal_Insect_AB,0,Smotherwing Butterfly
鱼,暖暖鳟鱼,IsNewPictureBook_Item_FishGet_J,Animal_Fish_J,0,Sizzlefin Trout
鱼,潜行鳟鱼,IsNewPictureBook_Item_FishGet_X,Animal_Fish_X,0,Stealthfin Trout
