lv,label,现名,官方名,px_x,px_y,官方px_x,官方px_y,坐标差px,匹配,动作,来源
r1,MapRegion_Hebura,海布拉地区,海布拉地区,5284,4591,5284,4591,0.4,名字,无需改,Location
r1,MapRegion_Eldin,奥尔汀地区,奥尔汀地区,16075,6369,16075,6369,0.3,名字,无需改,Location
r1,MapRegion_Tamul,阿卡莱地区,阿卡莱地区,19564,4141,19564,4141,0.5,名字,无需改,Location
r1,MapRegion_Lanayru,拉聂尔地区,拉聂尔地区,18350,11230,18350,11230,0.4,名字,无需改,Location
r1,MapRegion_Hateru,哈特尔地区,哈特尔地区,16498,13351,16498,13351,0.6,名字,无需改,Location
r1,MapRegion_HyrulePrairie,中央海拉鲁,中央海拉鲁,11504,9844,11504,9844,0.1,名字,无需改,Location
r1,MapRegion_Firone,费罗尼地区,费罗尼地区,13939,15651,13939,15651,0.5,名字,无需改,Location
r1,MapRegion_Gerudo,格鲁德地区,格鲁德地区,3813,16683,3813,16683,0.4,名字,无需改,Location
r2,MapArea_DeathMountain,死亡之山,死亡之山,17044,4462,17044,4462,0.4,名字,无需改,Location
r2,MapArea_EastHateru,东哈特尔,东哈特尔,17359,15015,17359,15015,0.6,名字,无需改,Location
r2,MapArea_EldinCanyon,奥尔汀峡谷,奥尔汀峡谷,15706,7199,15706,7199,0.6,名字,无需改,Location
r2,MapArea_EldinMountains,奥尔汀山脉,奥尔汀山脉,14620,3249,14620,3249,0.3,名字,无需改,Location
r2,MapArea_FironeGrassland,费罗尼草原,费罗尼草原,11153,16313,11153,16313,0.4,名字,无需改,Location
r2,MapArea_FironeSea,费罗尼海,费罗尼海,11898,17973,11898,17973,0.4,名字,无需改,Location
r2,MapArea_GerudoDesert,格鲁德沙漠,格鲁德沙漠,4669,17232,4669,17232,0.3,名字,无需改,Location
r2,MapArea_GerudoHighlands,格鲁德高地,格鲁德高地,3823,11686,3823,11686,0.5,名字,无需改,Location
r2,MapArea_HateruSea,哈特尔海,哈特尔海,20282,15690,20282,15690,0.4,名字,无需改,Location
r2,MapArea_HeburaMountains,海布拉山脉,海布拉山脉,5842,3951,5842,3951,0.4,名字,无需改,Location
r2,MapArea_HyliaLake,海利亚湖,海利亚湖,11702,15042,11702,15042,0.5,坐标,无需改,Location
r2,MapArea_HyruleForest,海拉鲁大森林,海拉鲁大森林,12728,4908,12728,4908,0.6,名字,无需改,Location
r2,MapArea_HyruleHill,海拉鲁丘陵,海拉鲁丘陵,7235,9186,7235,9186,0.3,名字,无需改,Location
r2,MapArea_LanayruSea,拉聂尔海,拉聂尔海,21349,9606,21349,9606,0.4,名字,无需改,Location
r2,MapArea_LanayruWaterSources,拉聂尔大水源,拉聂尔大水源,19396,10523,19396,10523,0.5,名字,无需改,Location
r2,MapArea_LanayruWetlands,拉聂尔湿地,拉聂尔湿地,15493,9768,15493,9768,0.3,名字,无需改,Location
r2,MapArea_LiveMountain,拉聂尔山,拉聂尔山,19796,12836,19796,12836,0.6,名字,无需改,Location
r2,MapArea_TabantaFrontier,塔邦挞边境,塔邦挞边境,5049,7642,5049,7642,0.6,名字,无需改,Location
r2,TabantaSnow,塔邦达冻原,,8376,4415,8376,4415,0.3,坐标,名字待定,Location
r2,MapArea_TamulOutback,深远阿卡莱,深远阿卡莱,19204,3628,19204,3628,0.4,名字,无需改,Location
r2,MapArea_TamulPlateau,阿卡莱高原,阿卡莱高原,19308,5553,19308,5553,0.3,名字,无需改,Location
r2,MapArea_TamulSea,阿卡莱海,阿卡莱海,21623,3143,21623,3143,0.1,名字,无需改,Location
r2,MapArea_WestHateru,西哈特尔,西哈特尔,14595,13049,14595,13049,0.5,名字,无需改,Location
r2,MapArea_CentralHyrule,海拉鲁平原,海拉鲁平原,11083,11163,11083,11163,0.5,名字,无需改,Location
r3,AagetoMt,阿盖特山,阿盖特山,2138,11724,2138,11724,0.5,名字,无需改,Location
r3,AdeyaLake,阿迪亚湖,阿迪亚湖,12910,14072,12910,14072,0.5,名字,无需改,Location
r3,AgePlateau,亚哲台地,亚哲台地,15013,14931,15013,14931,0.5,名字,无需改,Location
r3,AgunaiLake,达鲁尼亚湖,达鲁尼亚湖,14811,4316,14811,4316,0.4,名字,无需改,Location
r3,AkazaMt,拉聂尔群山,拉聂尔群山,19987,13193,19987,13193,0.3,名字,无需改,Location
r3,AmimePlateau,阿米麦台地,阿米麦台地,12439,17264,12439,17264,0.5,名字,无需改,Location
r3,AmonenePlateau,拉尔斯池塘,拉尔斯池塘,17865,9500,17865,9500,0.3,名字,无需改,Location
r3,AnbonBeach,玛萨海湾,玛萨海湾,14413,17458,14413,17458,0.4,名字,无需改,Location
r3,AnchoBeach,托隆波海滩,托隆波海滩,20997,17105,20997,17105,0.3,名字,无需改,Location
r3,AnoleLake,马尔鼓池塘,马尔鼓池塘,16195,5699,16195,5699,0.5,名字,无需改,Location
r3,AnoleTunnel,马尔鼓坑道,马尔鼓坑道,16016,5973,16016,5973,0.4,名字,无需改,Location
r3,ArafuraPlain,阿拉弗拉平原,阿拉弗拉平原,12893,16671,12893,16671,0.5,名字,无需改,Location
r3,AraisoBeach,阿拉伊索海岸,阿拉伊索海岸,15872,17758,15872,17758,0.4,名字,无需改,Location
r3,AzimetosPlateau,托斯迈吉亚台地,托斯迈吉亚台地,3910,10812,3910,10812,0.2,名字,无需改,Location
r3,BachimakuMt,独杉群山,独杉群山,20807,14365,20807,14365,0.1,名字,无需改,Location
r3,BaconCliff,托洛鼓悬崖,托洛鼓悬崖,15637,6218,15637,6218,0.5,名字,无需改,Location
r3,BameHill,巴美山丘,巴美山丘,4002,6772,4002,6772,0.3,名字,无需改,Location
r3,BanmezaLake,邦迈扎湖,邦迈扎湖,13809,15747,13809,15747,0.5,名字,无需改,Location
r3,BantaValley,终焉之谷,终焉之谷,9126,8891,9126,8891,0.5,名字,无需改,Location
r3,BarakkiPlain,达拉伊特森林,达拉伊特森林,7898,12278,7898,12278,0.1,名字,无需改,Location
r3,BarumePlain,巴尔麦平原,巴尔麦平原,12387,16269,12387,16269,0.1,名字,无需改,Location
r3,BigalLake,中鼓湖,中鼓湖,16425,6453,16425,6453,0.5,名字,无需改,Location
r3,BiginaTrees,基纳比森林,基纳比森林,18404,14167,18404,14167,0.5,名字,无需改,Location
r3,BiridinHill,比利丁高地,比利丁高地,5048,13736,5048,13736,0.4,名字,无需改,Location
r3,BironSnow,比隆雪原,比隆雪原,4562,4036,4562,4036,0.2,名字,无需改,Location
r3,BituoValley,比托谷,比托谷,14659,15129,14659,15129,0.6,名字,无需改,Location
r3,BlindForest,德依布朗遗迹,德依布朗遗迹,12654,3840,12654,3840,0.1,名字,无需改,Location
r3,BlizzarValley,暴风谷,暴风谷,5868,4092,5868,4092,0.7,名字,无需改,Location
r3,BokoboLake,盖洛湖,盖洛湖,16855,6543,16855,6543,0.2,名字,无需改,Location
r3,BonrasForest,本拉斯树海,本拉斯树海,14956,16509,14956,16509,0.2,名字,无需改,Location
r3,BoraraCape,塔姆海角,塔姆海角,20960,11794,20960,11794,0.5,名字,无需改,Location
r3,BottuBay,斯普尔湾,斯普尔湾,20806,9615,20806,9615,0.4,名字,无需改,Location
r3,BrostarPlain,萨玛莎平原,萨玛莎平原,18478,11135,18478,11135,0.2,名字,无需改,Location
r3,BuhaIslands,贝弗岛,贝弗岛,17402,6503,17402,6503,0.6,名字,无需改,Location
r3,BuibuiTrees,布冰嘉森林,布冰嘉森林,16171,14188,16171,14188,0.5,名字,无需改,Location
r3,BuichadaPlateau,秋叶台地,秋叶台地,20334,3693,20334,3693,0.1,名字,无需改,Location
r3,BuidaLake,布伊达湖,布伊达湖,15709,17359,15709,17359,0.5,名字,无需改,Location
r3,BumiPlain,风标草原,风标草原,10672,11501,10672,11501,0.3,名字,无需改,Location
r3,BuramuPlateau,泡泡拉高地,泡泡拉高地,13625,14354,13625,14354,0.5,名字,无需改,Location
r3,ChagaraMt,恰加拉海滨,恰加拉海滨,18388,17120,18388,17120,0.2,名字,无需改,Location
r3,ChuonoPond,凯亚池塘,凯亚池塘,18987,13930,18987,13930,0.6,名字,无需改,Location
r3,CresiaPeninsula,克莱西亚半岛,克莱西亚半岛,18841,17615,18841,17615,0.3,名字,无需改,Location
r3,DamzelForest,达姆泽尔树海,达姆泽尔树海,13664,15400,13664,15400,0.2,名字,无需改,Location
r3,DanioPlain,乌克克平原,乌克克平原,19901,8046,19901,8046,0.2,名字,无需改,Location
r3,DarinoPond,卡伊更池塘,卡伊更池塘,18418,13398,18418,13398,0.5,名字,无需改,Location
r3,DasukidaMt,达斯齐达山,达斯齐达山,18347,16387,18347,16387,0.3,名字,无需改,Location
r3,DasukidaPlateau,达斯齐达高原,达斯齐达高原,18005,16164,18005,16164,0.6,名字,无需改,Location
r3,DatsuPlain,特托拉平原,特托拉平原,11304,16597,11304,16597,0.6,名字,无需改,Location
r3,DeathCaldera,死亡破火山口,死亡破火山口,17127,4058,17127,4058,0.2,名字,无需改,Location
r3,DekamuPlain,马布尔德平原,马布尔德平原,17540,14565,17540,14565,0.4,名字,无需改,Location
r3,DokamamaPlain,撒哈斯拉平原,撒哈斯拉平原,14756,12100,14756,12100,0.4,名字,无需改,Location
r3,DokuroPond,骷髅池塘,骷髅池塘,18627,3003,18627,3003,0.5,名字,无需改,Location
r3,DonLake,露露湖,露露湖,19441,8804,19441,8804,0.2,名字,无需改,Location
r3,DotiBeach,林芭海滩,林芭海滩,18334,17442,18334,17442,0.3,名字,无需改,Location
r3,DragonsFar,龙之流放地,龙之流放地,2677,17253,2677,17253,0.4,名字,无需改,Location
r3,EagleBridge,莫里桥,莫里桥,5766,7425,5766,7425,0.4,名字,无需改,Location
r3,EastEunpoHighlands,东埃文坡高地,东埃文坡高地,14252,2653,14252,2653,0.3,名字,无需改,Location
r3,EastGerudo,东部荒漠,,6925,17079,6925,17079,0.5,坐标,名字待定,Location
r3,EastGerudoPlateau,东格鲁德高地,东格鲁德高地,8846,15975,8846,15975,0.3,名字,无需改,Location
r3,EastShrine,东部神殿遗迹,东部神殿遗迹,11003,13862,11003,13862,0.1,名字,无需改,Location
r3,ElegLake,纳比湖,纳比湖,14197,12326,14197,12326,0.2,名字,无需改,Location
r3,EnRiver,爱恩河,爱恩河,11970,16504,11970,16504,0.4,名字,无需改,Location
r3,EquePlateau,安吉尔台地,安吉尔台地,15431,15239,15431,15239,0.3,名字,无需改,Location
r3,ErumedaPlateau,艾美拉尔台地,艾美拉尔台地,3799,12593,3799,12593,0.3,名字,无需改,Location
r3,EunpoHighlands,迪普兰荒地,,12671,2614,12671,2614,0.6,坐标,名字待定,Location
r3,ExpaTrees,艾奇斯帕森林,艾奇斯帕森林,19706,14023,19706,14023,0.2,名字,无需改,Location
r3,FairyForest,精灵森林,精灵森林,10074,13411,10074,13411,0.6,名字,无需改,Location
r3,FenaMt,娜波露山,娜波露山,8214,13885,8214,13885,0.5,名字,无需改,Location
r3,FeoreRiver,玛科莱湖,玛科莱湖,12674,4500,12674,4500,0.5,名字,无需改,Location
r3,FinrasForest,芬拉斯树海,芬拉斯树海,12847,15905,12847,15905,0.5,名字,无需改,Location
r3,FlogPond,青蛙池塘,青蛙池塘,9617,13319,9617,13319,0.4,名字,无需改,Location
r3,FloriaFalls,花柔莉亚大瀑布,花柔莉亚大瀑布,15546,16513,15546,16513,0.5,名字,无需改,Location
r3,FloriaRiver,花柔莉亚河,花柔莉亚河,14554,16654,14554,16654,0.3,名字,无需改,Location
r3,FuruboLake,幽芬湖,幽芬湖,17039,6967,17039,6967,0.3,名字,无需改,Location
r3,GakanakkyoPlain,西海拉鲁平原,西海拉鲁平原,8789,9596,8789,9596,0.1,名字,无需改,Location
r3,GamettaPlateau,卡琳高原,卡琳高原,17202,13560,17202,13560,0.5,名字,无需改,Location
r3,GaneLake,洁净池塘,洁净池塘,18523,12628,18523,12628,0.3,名字,无需改,Location
r3,GarakishiPass,夏特岭,夏特岭,18765,5452,18765,5452,0.4,名字,无需改,Location
r3,GasemaDam,茹特拉大坝,茹特拉大坝,19115,10156,19115,10156,0.4,名字,无需改,Location
r3,GasemaRiver,茹特拉河,茹特拉河,17036,10398,17036,10398,0.2,名字,无需改,Location
r3,GashamaHill,更格尔山丘,更格尔山丘,13361,8182,13361,8182,0.4,名字,无需改,Location
r3,GashamahiMt,更格尔山,更格尔山,14344,9360,14344,9360,0.2,名字,无需改,Location
r3,GatakaraPond,科摩罗池塘,科摩罗池塘,11025,12326,11025,12326,0.2,名字,无需改,Location
r3,GatinLake,密兹达湖,密兹达湖,17507,7451,17507,7451,0.4,名字,无需改,Location
r3,GenLake,丘萨茨湖,丘萨茨湖,16373,7614,16373,7614,0.1,名字,无需改,Location
r3,GeraRiver,默米河,默米河,17643,13905,17643,13905,0.3,名字,无需改,Location
r3,GerudoCanyon,格鲁德峡谷,格鲁德峡谷,7384,14432,7384,14432,0.5,名字,无需改,Location
r3,GerudoSummit,格鲁德山顶,格鲁德山顶,3791,11398,3791,11398,0.4,名字,无需改,Location
r3,GiankonIsland,玛科莱岛,玛科莱岛,11481,5613,11481,5613,0.5,名字,无需改,Location
r3,GibogaHill,八爪怪森林,八爪怪森林,18714,3841,18714,3841,0.3,名字,无需改,Location
r3,GibururuMt,露朵山,露朵山,18486,10190,18486,10190,0.6,名字,无需改,Location
r3,GigiLake,波奈湖,波奈湖,16168,9973,16168,9973,0.4,名字,无需改,Location
r3,GiminoPond,乌尔希池塘,乌尔希池塘,19443,13811,19443,13811,0.5,名字,无需改,Location
r3,GimpoMt,花柔莉亚山,花柔莉亚山,15862,15556,15862,15556,0.5,名字,无需改,Location
r3,GisaHill,吉萨山丘,吉萨山丘,4723,8102,4723,8102,0.4,名字,无需改,Location
r3,GishiHill,吉希山丘,吉希山丘,5044,8642,5044,8642,0.4,名字,无需改,Location
r3,GobyMt,卡尔山,卡尔山,17133,16950,17133,16950,0.5,名字,无需改,Location
r3,GoinaPlateau,皮埃尔高地,皮埃尔高地,16426,11888,16426,11888,0.2,名字,无需改,Location
r3,GoronSpa,鼓隆温泉,鼓隆温泉,15552,5489,15552,5489,0.4,名字,无需改,Location
r3,GoyoLake,红叶湖,红叶湖,20536,3965,20536,3965,0.3,名字,无需改,Location
r3,GumaroValley,乌奥谷,乌奥谷,16939,16520,16939,16520,0.3,名字,无需改,Location
r3,GutinizaPlain,古奇尼扎平原,古奇尼扎平原,13740,16727,13740,16727,0.5,名字,无需改,Location
r3,GyunaIsland,阿克伦岛,阿克伦岛,21303,7946,21303,7946,0.4,名字,无需改,Location
r3,HagoromoLake,哈格罗莫湖,哈格罗莫湖,15421,11897,15421,11897,0.4,名字,无需改,Location
r3,HamiyonPlain,奥布力平原,奥布力平原,18120,13767,18120,13767,0.4,名字,无需改,Location
r3,HarayaLake,哈拉亚池塘,哈拉亚池塘,12753,16956,12753,16956,0.3,名字,无需改,Location
r3,HashibiroLake,哈希毕罗湖,哈希毕罗湖,5233,7532,5233,7532,0.4,名字,无需改,Location
r3,HatenoBay,奇塔诺湾,奇塔诺湾,19369,15007,19369,15007,0.3,名字,无需改,Location
r3,HatenoBeach,哈特诺海滩,哈特诺海滩,20033,14629,20033,14629,0.4,名字,无需改,Location
r3,HatenokoIsland,哈特诺小岛,哈特诺小岛,20017,15890,20017,15890,0.5,名字,无需改,Location
r3,HawkMt,库荷山,库荷山,4331,7346,4331,7346,0.5,名字,无需改,Location
r3,HeburaEastSummit,海布拉山东岳,海布拉山东岳,6494,3893,6494,3893,0.5,名字,无需改,Location
r3,HeburaIcicle,冰冻山麓,冰冻山麓,3309,2513,3309,2513,0.5,名字,无需改,Location
r3,HeburaMt_North,海布拉北峰,海布拉北峰,4921,2520,4921,2520,0.6,名字,无需改,Location
r3,HeburaNorthSummit,海布拉山北岳,海布拉山北岳,4033,2775,4033,2775,0.5,名字,无需改,Location
r3,HeburaPeak,海布拉山山顶,海布拉山山顶,6459,4173,6459,4173,0.6,名字,无需改,Location
r3,HeburaSouthSummit,海布拉山南岳,海布拉山南岳,5058,4848,5058,4848,0.6,名字,无需改,Location
r3,HeburaTundera,海布拉冻原,海布拉冻原,5210,3404,5210,3404,0.1,名字,无需改,Location
r3,HeburaWestSummit,海布拉山西岳,海布拉山西岳,3089,3658,3089,3658,0.6,名字,无需改,Location
r3,HemaHill,海马高地,海马高地,3521,10306,3521,10306,0.3,名字,无需改,Location
r3,HesonaiValley,亚娜谷,亚娜谷,8264,15634,8264,15634,0.4,名字,无需改,Location
r3,HigakkareBeach,东阿卡莱海岸,东阿卡莱海岸,20707,5199,20707,5199,0.5,名字,无需改,Location
r3,HigakkarePlain,东阿卡莱平原,东阿卡莱平原,20192,5703,20192,5703,0.6,名字,无需改,Location
r3,HigashinoBay,奥克诺湾,奥克诺湾,20567,14711,20567,14711,0.3,名字,无需改,Location
r3,HimeidaMt,席美达山,席美达山,17097,14922,17097,14922,0.3,名字,无需改,Location
r3,HopeBridge,许愿河畔,许愿河畔,17503,9826,17503,9826,0.5,名字,无需改,Location
r3,HyliaMt,海利亚山,海利亚山,9446,14360,9446,14360,0.6,名字,无需改,Location
r3,HyliaRiver,黄泉河,黄泉河,9544,13962,9544,13962,0.6,名字,无需改,Location
r3,HyralIslands,海利亚岛,海利亚岛,11340,15276,11340,15276,0.6,名字,无需改,Location
r3,Hyrule_Out,海拉鲁城堡护城河,海拉鲁城堡护城河,11417,7485,11417,7485,0.4,名字,无需改,Location
r3,IbaraPlateau,伊巴拉高地,伊巴拉高地,13530,17579,13530,17579,0.6,名字,无需改,Location
r3,IkokoPlateau,托洛伊瓦高原,托洛伊瓦高原,20886,10709,20886,10709,0.2,名字,无需改,Location
r3,ImeruMt,艾尔姆丘陵,艾尔姆丘陵,11149,6492,11149,6492,0.5,名字,无需改,Location
r3,IooValley,贝莱谷,贝莱谷,16545,8581,16545,8581,0.5,名字,无需改,Location
r3,IrimoLake,鼓大湖,鼓大湖,15425,6970,15425,6970,0.4,名字,无需改,Location
r3,IrimoRiver,鼓大河,鼓大河,15133,6314,15133,6314,0.4,名字,无需改,Location
r3,IsakiCape,伊萨奇海角,伊萨奇海角,19600,17314,19600,17314,0.1,名字,无需改,Location
r3,IsakuIslands,千之中州,千之中州,14623,11070,14623,11070,0.4,名字,无需改,Location
r3,JedaPlateau,梅竹台地,梅竹台地,7598,13647,7598,13647,0.2,名字,无需改,Location
r3,JijigegeMt,洛兹伍德山,洛兹伍德山,16755,14390,16755,14390,0.5,名字,无需改,Location
r3,JiuRiver,卓拉河,卓拉河,17316,9271,17316,9271,0.5,名字,无需改,Location
r3,KagossaMt,卡格萨群山,卡格萨群山,10887,16445,10887,16445,0.4,名字,无需改,Location
r3,KaiyanPlain,阿拉布平原,阿拉布平原,17229,11181,17229,11181,0.1,名字,无需改,Location
r3,KakamoLake,特洽湖,特洽湖,15416,11579,15416,11579,0.5,名字,无需改,Location
r3,KakaomePlain,巴奇平原,巴奇平原,10197,7130,10197,7130,0.4,名字,无需改,Location
r3,KakufusaPlain,草笛山丘,草笛山丘,12304,11704,12304,11704,0.6,名字,无需改,Location
r3,KamasuPlateau,卡玛斯台地,卡玛斯台地,14873,15978,14873,15978,0.1,名字,无需改,Location
r3,KamutariPlateau,法兰台地,法兰台地,17019,12451,17019,12451,0.5,名字,无需改,Location
r3,KapporeMt,卡坡莱山,卡坡莱山,10149,15258,10149,15258,0.4,名字,无需改,Location
r3,KarimikiLake,库斯湖,库斯湖,18123,14084,18123,14084,0.4,名字,无需改,Location
r3,KarusaValley,卡尔萨谷,卡尔萨谷,3384,13709,3384,13709,0.4,名字,无需改,Location
r3,KasuraMt,卡斯拉山,卡斯拉山,5447,5165,5447,5165,0.5,名字,无需改,Location
r3,KattoriPlateau,费罗龙台地,费罗龙台地,13112,14975,13112,14975,0.4,名字,无需改,Location
r3,KaturaRiver,希麦加米河,希麦加米河,8885,11843,8885,11843,0.1,名字,无需改,Location
r3,KauLake,海布拉湖,海布拉湖,5856,5730,5856,5730,0.5,名字,无需改,Location
r3,KazanaDungeon,卡扎那裂谷,卡扎那裂谷,18909,3491,18909,3491,0.6,名字,无需改,Location
r3,KazuryuLake,卡兹溜湖,卡兹溜湖,13856,15166,13856,15166,0.4,名字,无需改,Location
r3,KazuryuRiver,卡兹溜河,卡兹溜河,14047,15525,14047,15525,0.3,名字,无需改,Location
r3,KazusuPass,凯坡拉岭,凯坡拉岭,20230,7587,20230,7587,0.5,名字,无需改,Location
r3,KibakkaSnow,海布拉水源,海布拉水源,6339,5168,6339,5168,0.4,名字,无需改,Location
r3,KibinaLake,奇比纳湖,奇比纳湖,14034,17024,14034,17024,0.5,名字,无需改,Location
r3,KihirePlain,奇希莱平原,奇希莱平原,14986,15735,14986,15735,0.7,名字,无需改,Location
r3,KikinosaMt,拉布拉山,拉布拉山,8113,7484,8113,7484,0.3,名字,无需改,Location
r3,KikinosaPlain,拉布拉山丘,拉布拉山丘,7537,7310,7537,7310,0.3,名字,无需改,Location
r3,KimarikaMt,觉醒山,觉醒山,17825,12926,17825,12926,0.3,名字,无需改,Location
r3,KimarikaPlateau,卡伊更高地,卡伊更高地,18402,12772,18402,12772,0.5,名字,无需改,Location
r3,KingValley,忘却神殿,忘却神殿,8865,5763,8865,5763,0.4,名字,无需改,Location+LocationMarker
r3,KinmePlateau,柯荷利特台地,柯荷利特台地,21308,17441,21308,17441,0.4,名字,无需改,Location
r3,KinshoiMt,达夫奈斯山,达夫奈斯山,9790,11112,9790,11112,0.5,名字,无需改,Location
r3,KirisasaPlateau,拉聂尔高地,拉聂尔高地,17859,12490,17859,12490,0.4,名字,无需改,Location
r3,KiriyabuMt,波努鲁山地,波努鲁山地,16306,12261,16306,12261,0.5,名字,无需改,Location
r3,KitakkareBeach,北阿卡莱海岸,北阿卡莱海岸,21435,4153,21435,4153,0.4,名字,无需改,Location
r3,KitakkarePlain,北阿卡莱平原,北阿卡莱平原,19607,4353,19607,4353,0.4,名字,无需改,Location
r3,KitakkarePlateau,北阿卡莱高地,北阿卡莱高地,20350,4234,20350,4234,0.3,名字,无需改,Location
r3,KiyanbaTrees,齐洛利森林,齐洛利森林,14042,7247,14042,7247,0.4,名字,无需改,Location
r3,KoganeyaLake,科嘉奈亚池塘,科嘉奈亚池塘,17990,15832,17990,15832,0.5,名字,无需改,Location
r3,KokuppiSnow,柯库皮雪原,柯库皮雪原,7309,4983,7309,4983,0.1,名字,无需改,Location
r3,KokuwaLake,塔莫沼泽,塔莫沼泽,15956,13685,15956,13685,0.3,名字,无需改,Location
r3,KomoreBeach,科莫莱海滩,科莫莱海滩,13398,17865,13398,17865,0.5,名字,无需改,Location
r3,KondanaLake,达鲁波池塘,达鲁波池塘,16673,5915,16673,5915,0.4,名字,无需改,Location
r3,KoshaIsland,戴比岛,戴比岛,21274,8784,21274,8784,0.4,名字,无需改,Location
r3,KuhanLake,库罕池塘,库罕池塘,17576,15461,17576,15461,0.6,名字,无需改,Location
r3,KukujaValley,库库甲谷,库库甲谷,5030,9641,5030,9641,0.3,名字,无需改,Location
r3,KumPlateau,库姆之地,库姆之地,3780,4299,3780,4299,0.3,名字,无需改,Location
r3,KunaiLake,亚阔湖,亚阔湖,10013,12326,10013,12326,0.4,名字,无需改,Location
r3,KurindaPrairie,卡萨伊美平原,卡萨伊美平原,11334,17366,11334,17366,0.3,名字,无需改,Location
r3,KurisobeSnow,贝利尔雪原,贝利尔雪原,2887,12182,2887,12182,0.5,名字,无需改,Location
r3,KuroidaPlateau,克洛伊达高地,克洛伊达高地,16263,15206,16263,15206,0.7,名字,无需改,Location
r3,KutenLake,库坦池塘,库坦池塘,17402,15890,17402,15890,0.3,名字,无需改,Location
r3,KutiffMt,罗姆山,罗姆山,6618,8448,6618,8448,0.1,名字,无需改,Location
r3,LakeFloria,花柔莉亚湖,花柔莉亚湖,15476,17064,15476,17064,0.3,名字,无需改,Location
r3,LanayruBay,拉聂尔湾,拉聂尔湾,19628,11226,19628,11226,0.2,名字,无需改,Location
r3,LaveBeach,拉贝岩礁,拉贝岩礁,11651,17700,11651,17700,0.1,名字,无需改,Location
r3,MacusePeninsula,马秋兹半岛,马秋兹半岛,21233,5514,21233,5514,0.2,名字,无需改,Location
r3,MakuminoValley,玛克米诺谷,玛克米诺谷,12191,16789,12191,16789,0.5,名字,无需改,Location
r3,ManbaLake,鼓洛斯湖,鼓洛斯湖,15730,5092,15730,5092,0.4,名字,无需改,Location
r3,MarittaHill,玛丽塔山丘,玛丽塔山丘,9321,6955,9321,6955,0.3,名字,无需改,Location
r3,MarittaPrairie,玛丽塔平原,玛丽塔平原,8643,6557,8643,6557,0.3,名字,无需改,Location
r3,MasazuRock,碎石场遗迹,碎石场遗迹,10548,9172,10548,9172,0.4,名字,无需改,Location
r3,MedakaValley,乌尔拉峡谷,乌尔拉峡谷,20405,8436,20405,8436,0.5,名字,无需改,Location
r3,MeganeRock,眼镜岩,眼镜岩,7556,15076,7556,15076,0.2,名字,无需改,Location
r3,MemeMt,雷兽山,雷兽山,19704,8865,19704,8865,0.3,名字,无需改,Location
r3,MenadaBeach,阿莫西亚海岸,阿莫西亚海岸,21207,13660,21207,13660,0.4,名字,无需改,Location
r3,MerkayaLowTrees,奥布巴巴草地,奥布巴巴草地,9544,15451,9544,15451,0.2,名字,无需改,Location
r3,MezusuPass,卡尔加岭,卡尔加岭,4838,5274,4838,5274,0.3,名字,无需改,Location
r3,MiddleTrees,多尔米森林,多尔米森林,18202,14327,18202,14327,0.5,名字,无需改,Location
r3,MihekoBay,玛林湾,玛林湾,20811,6198,20811,6198,0.6,名字,无需改,Location
r3,MinakkareFalls,南阿卡莱瀑布,南阿卡莱瀑布,19465,7682,19465,7682,0.1,名字,无需改,Location
r3,MinakkareLake,南阿卡莱湖,南阿卡莱湖,19246,7874,19246,7874,0.5,名字,无需改,Location
r3,MinakkarePlain,南阿卡莱平原,南阿卡莱平原,18551,7353,18551,7353,0.2,名字,无需改,Location
r3,MinaminoBay,米诺米诺湾,米诺米诺湾,18962,15760,18962,15760,0.2,名字,无需改,Location
r3,MizemakuMt,沃尔纳特山,沃尔纳特山,20340,13844,20340,13844,0.0,名字,无需改,Location
r3,MomoMt,天望山丘,天望山丘,11958,13797,11958,13797,0.5,名字,无需改,Location
r3,MoriMt,乌尔利山,乌尔利山,19225,5814,19225,5814,0.3,名字,无需改,Location
r3,MoroLake,米考湖,米考湖,19202,8857,19202,8857,0.3,名字,无需改,Location
r3,MorudaMt,摩尔达巴山,摩尔达巴山,9217,17200,9217,17200,0.4,名字,无需改,Location
r3,MorugaMt,摩尔迦娜山,摩尔迦娜山,9248,16723,9248,16723,0.2,名字,无需改,Location
r3,MuguriPlain,克罗切利平原,克罗切利平原,16266,13828,16266,13828,0.5,名字,无需改,Location
r3,NaganizaHill,腾图丘陵,腾图丘陵,16764,16801,16764,16801,0.5,名字,无需改,Location
r3,NagyuPlateau,塔尔塔尔台地,塔尔塔尔台地,20294,9322,20294,9322,0.4,名字,无需改,Location
r3,NaierunPeninsula,罗德拉姆半岛,罗德拉姆半岛,20890,11283,20890,11283,0.5,名字,无需改,Location
r3,NanaimoPlain,拉明平原,拉明平原,9563,5949,9563,5949,0.4,名字,无需改,Location
r3,NangoPond,泽罗池塘,泽罗池塘,15293,8978,15293,8978,0.3,名字,无需改,Location
r3,NaruguPeninsula,卡艾德半岛,卡艾德半岛,21326,14744,21326,14744,0.4,名字,无需改,Location
r3,NefraHill,奈弗拉高地,奈弗拉高地,7667,13019,7667,13019,0.4,名字,无需改,Location
r3,NezuppoTrees,奈兹坡树林,奈兹坡树林,11321,17134,11321,17134,0.4,名字,无需改,Location
r3,NiiLake,珊湖,珊湖,11904,16113,11904,16113,0.3,名字,无需改,Location
r3,NikakaIsland,蟹蟹岛,蟹蟹岛,15084,3852,15084,3852,0.3,名字,无需改,Location
r3,NishakkarePlain,卡纳莱特高原,卡纳莱特高原,18618,6186,18618,6186,0.3,名字,无需改,Location
r3,NitariBeach,科尔奈海滩,科尔奈海滩,17882,17312,17882,17312,0.4,名字,无需改,Location
r3,NomyPlain,齐纳嘉莱湿地带,齐纳嘉莱湿地带,7736,8649,7736,8649,0.4,名字,无需改,Location
r3,NorthHugeStone,北格鲁德巨石,北格鲁德巨石,5357,14495,5357,14495,0.5,名字,无需改,Location
r3,NutsLake,萨莉娅湖,萨莉娅湖,12128,6234,12128,6234,0.3,名字,无需改,Location
r3,OkuAkkarePlain,深远阿卡莱平原,深远阿卡莱平原,19487,3302,19487,3302,0.2,名字,无需改,Location
r3,OkuwaLake,谢拉湖,谢拉湖,15256,12769,15256,12769,0.2,名字,无需改,Location
r3,OngiForest,苹果森林,苹果森林,13105,9422,13105,9422,0.4,名字,无需改,Location
r3,OoosePlain,奥赛平原,奥赛平原,10441,17129,10441,17129,0.5,名字,无需改,Location
r3,OrupaPlateau,澳尔帕台地,澳尔帕台地,6120,12414,6120,12414,0.6,名字,无需改,Location
r3,OshoromaLake,露朵湖,露朵湖,18342,9675,18342,9675,0.3,名字,无需改,Location
r3,OtsukoWet,塔林湿地,塔林湿地,19203,6726,19203,6726,0.6,名字,无需改,Location
r3,PafaBeach,帕发海岸,帕发海岸,12463,17795,12463,17795,0.4,名字,无需改,Location
r3,PaiyuBay,荷隆湾,荷隆湾,20468,10629,20468,10629,0.5,名字,无需改,Location
r3,PakanchiIsland,纳克仑岛,纳克仑岛,21306,8369,21306,8369,0.4,名字,无需改,Location
r3,PaparaPlateau,斯塔尔里台地,斯塔尔里台地,8857,15430,8857,15430,0.2,名字,无需改,Location
r3,PearlWaste,帕鲁荒原,帕鲁荒原,5764,15964,5764,15964,0.4,名字,无需改,Location
r3,PeridoBarrier,贝立德关卡,贝立德关卡,7915,16388,7915,16388,0.5,名字,无需改,Location
r3,PongagaMt,艾波尼山,艾波尼山,18702,15062,18702,15062,0.4,名字,无需改,Location
r3,PoponMt,萨托利山,萨托利山,7542,10676,7542,10676,0.4,名字,无需改,Location
r3,PstaLake,米德沼泽,米德沼泽,13624,5292,13624,5292,0.1,名字,无需改,Location
r3,PukiroroMt,杜·邦山脉,杜·邦山脉,17457,10238,17457,10238,0.4,名字,无需改,Location
r3,PukuntoMt,无底沼泽,无底沼泽,13226,11131,13226,11131,0.4,名字,无需改,Location
r3,PupukoreFalls,塞拉瀑布,塞拉瀑布,18166,9089,18166,9089,0.5,名字,无需改,Location
r3,RaberaWet,拉贝拉湿地带,拉贝拉湿地带,16840,15565,16840,15565,0.2,名字,无需改,Location
r3,RapikuruPlateau,加卜台地,加卜台地,19821,10116,19821,10116,0.3,名字,无需改,Location
r3,RapinyaPlateau,露朵台地,露朵台地,18818,9529,18818,9529,0.3,名字,无需改,Location
r3,RaruLake,克拉尔湖,克拉尔湖,16040,16432,16040,16432,0.3,名字,无需改,Location
r3,RashamaPlain,北海拉鲁平原,北海拉鲁平原,9322,8432,9322,8432,0.2,名字,无需改,Location
r3,RazezePlateau,拉聂尔台地,拉聂尔台地,17598,11836,17598,11836,0.5,名字,无需改,Location
r3,RiaroTrees,希克里森林,希克里森林,15902,14884,15902,14884,0.4,名字,无需改,Location
r3,RiberaForest,利贝拉树海,利贝拉树海,15770,16652,15770,16652,0.5,名字,无需改,Location
r3,RibuchaPlateau,阿尔达台地,阿尔达台地,10529,5840,10529,5840,0.6,名字,无需改,Location
r3,Rikona_Peninshra,利科纳半岛,利科纳半岛,15211,11360,15211,11360,0.2,名字,无需改,Location
r3,RinosPass,利诺斯岭,利诺斯岭,4414,5528,4414,5528,0.4,名字,无需改,Location
r3,RirimukuHighlands,沃尔纳高地,沃尔纳高地,11311,3758,11311,3758,0.2,名字,无需改,Location
r3,RirimukuMt,沃尔纳山,沃尔纳山,10877,4730,10877,4730,0.3,名字,无需改,Location
r3,RiritotoLake,利利特特湖,利利特特湖,4785,6118,4785,6118,0.4,名字,无需改,Location
r3,RishakutoPlateau,纳利夏高地,纳利夏高地,15700,12488,15700,12488,0.3,名字,无需改,Location
r3,RodaiLake,罗达伊湖,罗达伊湖,15728,16260,15728,16260,0.3,名字,无需改,Location
r3,RogyLake,贾拉湖,贾拉湖,17935,14447,17935,14447,0.4,名字,无需改,Location
r3,RokomakuMt,玛德罗纳山,玛德罗纳山,19643,13378,19643,13378,0.1,名字,无需改,Location
r3,RonronFarm,平原牧场遗迹,平原牧场遗迹,12220,10544,12220,10544,0.5,名字,无需改,Location
r3,RonronRiver,海利亚河,海利亚河,12252,13510,12252,13510,0.6,名字,无需改,Location
r3,RoshiganLake,南纳比湖,南纳比湖,13741,13208,13741,13208,0.2,名字,无需改,Location
r3,RosomaLake,托托湖,托托湖,18959,8232,18959,8232,0.2,名字,无需改,Location
r3,RuberaHill,马克雅林高地,马克雅林高地,5215,11219,5215,11219,0.2,名字,无需改,Location
r3,RutesLake,路特斯湖,路特斯湖,15371,16178,15371,16178,0.2,名字,无需改,Location
r3,RutimaHill,鲁奇玛高地,鲁奇玛高地,2946,12834,2946,12834,0.1,名字,无需改,Location
r3,RutsuPlain,路茨平原,路茨平原,4388,9038,4388,9038,0.3,名字,无需改,Location
r3,SaiMt,古斯塔夫山,古斯塔夫山,10169,9578,10169,9578,0.5,名字,无需改,Location
r3,SanaePlateau,包美尔高地,包美尔高地,12859,13520,12859,13520,0.5,名字,无需改,Location
r3,SanrosaLake,鲁皮湖,鲁皮湖,14403,7711,14403,7711,0.6,名字,无需改,Location
r3,SaohPoint,三叉山道,三叉山道,17375,8472,17375,8472,0.5,名字,无需改,Location
r3,SaphiasPlateau,萨菲亚斯台地,萨菲亚斯台地,5660,13148,5660,13148,0.6,名字,无需改,Location
r3,SarjonForest,撒戎树海,撒戎树海,14263,16558,14263,16558,0.3,名字,无需改,Location
r3,SasamuroBeach,克拉里海滩,克拉里海滩,17171,17795,17171,17795,0.3,名字,无需改,Location
r3,ShariverMt,夏利巴山,夏利巴山,5657,4636,5657,4636,0.3,名字,无需改,Location
r3,ShikuriIslands,文特岛,文特岛,21043,12012,21043,12012,0.4,名字,无需改,Location
r3,ShimukaPlateau,布莱德台地,布莱德台地,17401,13142,17401,13142,0.5,名字,无需改,Location
r3,ShinikkyoForest,巨人森林,巨人森林,9631,10228,9631,10228,0.3,名字,无需改,Location
r3,ShinyarkiPlateau,劳鲁丘陵,劳鲁丘陵,12995,6925,12995,6925,0.6,名字,无需改,Location
r3,ShitanoPond,塔尔荷池塘,塔尔荷池塘,18533,14453,18533,14453,0.4,名字,无需改,Location
r3,SojijiHill,萨尔法山丘,萨尔法山丘,8487,11713,8487,11713,0.1,名字,无需改,Location
r3,SonoPrairie,贝莱平原,贝莱平原,14784,8170,14784,8170,0.3,名字,无需改,Location
r3,SoridaPeninsula,奇克伦岛,奇克伦岛,21411,7252,21411,7252,0.5,名字,无需改,Location
r3,SouthGerudoRuins,南部绿洲,南部绿洲,4546,17233,4546,17233,0.5,名字,无需改,Location
r3,SugrantForest,思古兰特树海,思古兰特树海,13469,16190,13469,16190,0.2,名字,无需改,Location
r3,SusonoLake,卢驰尔湖,卢驰尔湖,6937,11266,6937,11266,0.4,名字,无需改,Location
r3,SusonoPlain,伊露美娜台地,伊露美娜台地,5788,10029,5788,10029,0.5,名字,无需改,Location
r3,SusonoPond,伊露美娜池塘,伊露美娜池塘,4926,10299,4926,10299,0.1,名字,无需改,Location
r3,SusonoRiver,泰阿蒙河,泰阿蒙河,7299,10169,7299,10169,0.6,名字,无需改,Location
r3,SwanLake,海布拉河,海布拉河,6487,5344,6487,5344,0.5,名字,无需改,Location
r3,TabantaHill,塔邦挞山丘,塔邦挞山丘,7071,6314,7071,6314,0.0,名字,无需改,Location
r3,TabantaSnow_North,北塔邦挞雪原,北塔邦挞雪原,8596,3418,8596,3418,0.6,名字,无需改,Location
r3,TabantaSnow_South,南塔邦挞雪原,南塔邦挞雪原,8302,5012,8302,5012,0.2,名字,无需改,Location
r3,TafeaHill,塔菲亚高地,塔菲亚高地,6385,13638,6385,13638,0.4,名字,无需改,Location
r3,TagonaTrees,塔巴尔森林,塔巴尔森林,17145,9646,17145,9646,0.4,名字,无需改,Location
r3,TakkikaPlain,尼凯尔平原,尼凯尔平原,8783,10877,8783,10877,0.5,名字,无需改,Location
r3,TamaLake,塔玛湖,塔玛湖,6073,6204,6073,6204,0.0,名字,无需改,Location
r3,TamulPlain,奥尔龙盆地,奥尔龙盆地,19309,4950,19309,4950,0.5,名字,无需改,Location
r3,TargarPlain,布兰努山丘,布兰努山丘,19855,10764,19855,10764,0.5,名字,无需改,Location
r3,TaruhoPlateau,火萤台地,火萤台地,17899,14761,17899,14761,0.4,名字,无需改,Location
r3,TatsubaLake,莫尔赛湖,莫尔赛湖,13126,12468,13126,12468,0.3,名字,无需改,Location
r3,TeguriPlain,泰格利平原,泰格利平原,10492,15832,10492,15832,0.4,名字,无需改,Location
r3,TehotaWet,泰荷塔湿地,泰荷塔湿地,10740,17679,10740,17679,0.6,名字,无需改,Location
r3,TennoMt,瓦舒阿山丘,瓦舒阿山丘,6536,10174,6536,10174,0.5,名字,无需改,Location
r3,TeraPlain,麦贝草原,麦贝草原,12517,9909,12517,9909,0.4,名字,无需改,Location
r3,TerumeMt,泰尔美山,泰尔美山,16967,15353,16967,15353,0.3,名字,无需改,Location
r3,TerumePass,泰尔美岭,泰尔美岭,17427,15708,17427,15708,0.4,名字,无需改,Location
r3,TohikiLake,托西奇池塘,托西奇池塘,16795,15067,16795,15067,0.4,名字,无需改,Location
r3,TomiyoPlateau,洛塔托台地,洛塔托台地,18179,11660,18179,11660,0.5,名字,无需改,Location
r3,TompoPlain,罗玛尼平原,罗玛尼平原,12677,9284,12677,9284,0.4,名字,无需改,Location
r3,TorumaDesert,卢玛琳沙丘,卢玛琳沙丘,2474,15462,2474,15462,0.4,名字,无需改,Location
r3,TotenLake,拉纳湖,拉纳湖,16926,14199,16926,14199,0.5,名字,无需改,Location
r3,TrakaIsland,莱恩贝克岛,,15492,10181,15492,10181,0.5,坐标,名字待定,Location
r3,TrakaIsland_Big,迈尔卡岛,迈尔卡岛,15425,9738,15425,9738,0.4,名字,无需改,Location
r3,TrakaIsland_Center,科彭嘉岛,科彭嘉岛,15106,10678,15106,10678,0.4,名字,无需改,Location
r3,TrakaIsland_East,米奥乌岛,米奥乌岛,16049,10292,16049,10292,0.4,名字,无需改,Location
r3,TrakaIsland_New,摩尔德岛,摩尔德岛,15686,10413,15686,10413,0.4,名字,无需改,Location
r3,TrakaIsland_North,神庙岛,神庙岛,15323,10861,15323,10861,0.3,名字,无需改,Location
r3,TrakaIsland_Small,波浓岛,波浓岛,15551,10753,15551,10753,0.2,名字,无需改,Location
r3,TrakaIsland_South,萨乌兹岛,萨乌兹岛,14904,10339,14904,10339,0.5,名字,无需改,Location
r3,TrakaIsland_West,维斯岛,维斯岛,14788,10600,14788,10600,0.6,名字,无需改,Location
r3,TryCape,尝试海角,尝试海角,19514,9176,19514,9176,0.4,名字,无需改,Location
r3,TsukaiePlateau,茨卡耶台地,茨卡耶台地,17712,15233,17712,15233,0.2,名字,无需改,Location
r3,TuaboSnow,查波雪原,查波雪原,5053,12255,5053,12255,0.2,名字,无需改,Location
r3,TunbriPlain,勇萨米平原,勇萨米平原,16541,15884,16541,15884,0.5,名字,无需改,Location
r3,TurasuLake,马神湖,马神湖,13270,17270,13270,17270,0.4,名字,无需改,Location
r3,TutukikiSnow,茨茨齐齐雪原,茨茨齐齐雪原,7428,3677,7428,3677,0.3,名字,无需改,Location
r3,TwinsMountain,双子山,双子山,14716,13563,14716,13563,0.5,名字,无需改,Location
r3,UbotsuPlateau,乌波茨台地,乌波茨台地,15217,17259,15217,17259,0.4,名字,无需改,Location
r3,UchoPlateau,梅布尔高原,梅布尔高原,14673,12848,14673,12848,0.4,名字,无需改,Location
r3,UkkoPond,乌克池塘,乌克池塘,3801,5259,3801,5259,0.6,名字,无需改,Location
r3,UraitoLake,乌拉伊特湖,乌拉伊特湖,15578,15885,15578,15885,0.2,名字,无需改,Location
r3,UrokoCape,乌洛克海角,乌洛克海角,19090,16523,19090,16523,0.6,名字,无需改,Location
r3,VPlateau,基尔克台地,基尔克台地,6768,13112,6768,13112,0.5,名字,无需改,Location
r3,WabiLake,阿卡莱湖,阿卡莱湖,19849,7006,19849,7006,0.5,名字,无需改,Location
r3,WatakaPlateau,阔塔台地,阔塔台地,16315,11115,16315,11115,0.6,名字,无需改,Location
r3,WestEunpoHighlands,西埃文坡高地,西埃文坡高地,12034,3091,12034,3091,0.5,名字,无需改,Location
r3,WestGerudo,西格鲁德,西格鲁德,2918,15005,2918,15005,0.5,名字,无需改,Location
r3,WestGerudoRuins,西格鲁德遗迹,西格鲁德遗迹,3063,14594,3063,14594,0.3,名字,无需改,Location
r3,XehaPlateau,卓拉台地,卓拉台地,18275,8246,18275,8246,0.5,名字,无需改,Location
r3,YamabiLake,亚玛比湖,亚玛比湖,16950,17167,16950,17167,0.4,名字,无需改,Location
r3,YamariRiver,诺凯河,诺凯河,13834,13568,13834,13568,0.2,名字,无需改,Location
r3,YarimoRiver,米奇奇河,米奇奇河,14972,4901,14972,4901,0.3,名字,无需改,Location
r3,YashinoBeach,雅西诺海滩,雅西诺海滩,18993,16920,18993,16920,0.5,名字,无需改,Location
r3,YuaSnow,聂尔龙雪原,聂尔龙雪原,19024,12877,19024,12877,0.3,名字,无需改,Location
r3,ZamaPlain,塞莱斯平原,塞莱斯平原,7352,9100,7352,9100,0.4,名字,无需改,Location
r3,ZaridoLake,达鲁马湖,达鲁马湖,16291,3742,16291,3742,0.6,名字,无需改,Location
r3,ZaridoPlateau,奥尔汀台地,奥尔汀台地,16585,2643,16585,2643,0.5,名字,无需改,Location
r3,ZifForest,时光森林,时光森林,11264,13051,11264,13051,0.3,名字,无需改,Location
r3,ZitoGreens,鸟鸣草原,鸟鸣草原,10807,10410,10807,10410,0.4,名字,无需改,Location
r3,ZoraBridge,卓拉大桥,卓拉大桥,18466,9371,18466,9371,0.5,名字,无需改,Location
r4,AdeyaLake,阿迪亚湖,阿迪亚湖,12732,13765,12732,13765,0.5,名字,无需改,Location
r4,BumiPlain,风标草原,风标草原,11471,11211,11471,11211,0.3,名字,无需改,Location
r4,FuruboLake,幽芬湖,幽芬湖,16842,7157,16842,7157,0.6,名字,无需改,Location
r4,GoanaValley,葛亚娜峡谷,葛亚娜峡谷,18547,16824,18547,16824,0.3,名字,无需改,Location
r4,HeburaWestSummit,海布拉山西岳,海布拉山西岳,3154,4554,3154,4554,0.4,名字,无需改,Location
r4,Hyrule_Out,海拉鲁城堡护城河,海拉鲁城堡护城河,10833,8105,10833,8105,0.1,名字,无需改,Location
r4,HyruleEastTown,东海拉鲁城邑遗迹,东海拉鲁城邑遗迹,11980,9125,11980,9125,0.2,名字,无需改,Location
r4,HyruleWestTown,西海拉鲁城邑遗迹,西海拉鲁城邑遗迹,10972,9127,10972,9127,0.5,名字,无需改,Location
r4,KikinosaPlain,拉布拉山丘,拉布拉山丘,6910,7441,6910,7441,0.3,名字,无需改,Location
r4,LostForest,迷失的森林,迷失的森林,13483,6175,13483,6175,0.0,名字,无需改,LocationPointer
r4,KurisobeSnow,贝利尔雪原,贝利尔雪原,2944,11487,2944,11487,0.3,名字,无需改,Location
r4,RashamaPlain,北海拉鲁平原,北海拉鲁平原,9516,7871,9516,7871,0.5,名字,无需改,Location
r4,RirimukuMt,沃尔纳山,沃尔纳山,9505,3474,9505,3474,0.3,名字,无需改,Location
r4,RiritotoLake,利利特特湖,利利特特湖,4492,6510,4492,6510,0.3,名字,无需改,Location
r4,AkkareBigBridge,阿卡莱大桥,阿卡莱大桥,18017,7514,18017,7514,0.2,坐标,无需改,LocationPointer
r4,AkkareGarrison,阿卡莱练兵场遗迹,阿卡莱练兵场遗迹,18619,7596,18619,7596,0.3,名字,无需改,LocationPointer
r4,AkkareZhai,阿卡莱堡垒遗迹,阿卡莱堡垒遗迹,18672,7095,18672,7095,0.3,名字,无需改,LocationPointer
r4,AkkareZhaiBridge,阿卡莱堡垒联络桥遗迹,阿卡莱堡垒联络桥遗迹,18300,7221,18300,7221,0.3,名字,无需改,LocationPointer
r4,BigBrotherBridge,双子哥哥桥,双子哥哥桥,15344,14067,15344,14067,0.3,名字,无需改,LocationPointer
r4,BraveFountain,勇气之泉,勇气之泉,13753,14743,13754,14743,0.9,名字,无需改,LocationPointer
r4,CelebrationPark,祭奠场遗迹,祭奠场遗迹,11492,9847,11492,9847,0.0,名字,无需改,LocationPointer
r4,CentralExchange,交易所遗迹,交易所遗迹,10513,11736,10512,11736,1.0,名字,无需改,LocationPointer
r4,ChirakaVillage,科彭嘉村遗迹,科彭嘉村遗迹,15233,10526,15233,10526,0.6,名字,无需改,LocationPointer
r4,Cohorint,塞哈特诺岛,塞哈特诺岛,21210,17294,21210,17294,0.4,名字,无需改,LocationPointer
r4,Corosseo,竞技场遗迹,竞技场遗迹,9699,12525,9698,12525,1.0,名字,无需改,LocationPointer
r4,DodoraBridge,拉鲁特大桥,拉鲁特大桥,18151,10008,18151,10008,0.5,名字,无需改,LocationPointer
r4,DragonMarsh,龙骨沼泽,龙骨沼泽,3651,6570,3651,6570,0.3,名字,无需改,LocationPointer
r4,EastDam,东部的蓄水湖,东部的蓄水湖,19292,9761,19292,9761,0.5,名字,无需改,LocationPointer
r4,EastGerudoRuins,东格鲁德遗迹,东格鲁德遗迹,6618,15779,6618,15779,0.2,名字,无需改,LocationPointer
r4,EzzuBridge,伊格尔斯桥,伊格尔斯桥,13940,11882,13941,11882,1.3,名字,无需改,LocationPointer
r4,FironeForestEntrance,费罗尼树海入口,费罗尼树海入口,12790,16075,12790,16075,0.3,名字,无需改,LocationPointer
r4,FlamingoSpa,明弗拉的秘泉,明弗拉的秘泉,5113,2851,5113,2851,0.0,名字,无需改,LocationPointer
r4,FlowerSandbank,花之中州,花之中州,13728,11760,13729,11760,0.9,名字,无需改,LocationPointer
r4,GameBalling,彭多的小屋,彭多的小屋,7847,5839,7847,5839,0.3,名字,无需改,LocationPointer
r4,GameBitalockGolf,库库甲谷球场,库库甲谷球场,5762,8744,5762,8744,0.6,名字,无需改,LocationPointer
r4,GameGutsCriff,毅力崖,毅力崖,17348,2977,17348,2977,0.0,名字,无需改,LocationPointer
r4,GameShiledSurf,丝莱米的小屋,丝莱米的小屋,6072,3719,6072,3719,0.3,名字,无需改,LocationPointer
r4,GameYabusame,骑射演武报名处,骑射演武报名处,11675,17029,11675,17029,0.3,名字,无需改,LocationPointer
r4,GameZarashiRace,沙海象拉力赛报名处,沙海象拉力赛报名处,4454,16396,4454,16396,0.0,名字,无需改,LocationPointer
r4,GarakishiVillage,夏特村落遗迹,夏特村落遗迹,18108,5401,18108,5401,0.4,名字,无需改,LocationPointer
r4,GerudoCanyon_Entrance,格鲁德峡谷入口,格鲁德峡谷入口,8693,14034,8692,14034,1.0,名字,无需改,LocationPointer
r4,GerudoDesert_Entrance,格鲁德沙漠入口,格鲁德沙漠入口,6164,14645,6164,14645,0.4,名字,无需改,LocationPointer
r4,GerudoFossil,格鲁德大化石,格鲁德大化石,2352,17432,2352,17432,0.4,名字,无需改,LocationPointer
r4,GoronBridge,鼓隆桥,鼓隆桥,15291,5117,15291,5117,0.5,名字,无需改,LocationPointer
r4,GutinizaPlainTomb,古奇尼扎平原古墓群,古奇尼扎平原古墓群,14129,16753,14130,16753,1.0,名字,无需改,LocationPointer
r4,HachijoBridge,阿乌尔桥,阿乌尔桥,12652,12546,12652,12546,0.5,名字,无需改,LocationPointer
r4,HeburaFossil,海布拉大化石,海布拉大化石,3967,2631,3967,2631,0.4,名字,无需改,LocationPointer
r4,HeburaLodge,海布拉山脉登山口小屋,海布拉山脉登山口小屋,4855,5449,4855,5449,0.4,名字,无需改,LocationPointer
r4,HopesPlateau,初始台地,初始台地,10140,13819,10139,13819,1.0,名字,无需改,LocationPointer
r4,HyralBridge,海利亚大桥,海利亚大桥,11919,15017,11919,15017,0.4,名字,无需改,LocationPointer
r4,HyruleCastleTown,海拉鲁城堡城镇遗址,,11490,9388,11490,9388,0.0,坐标,名字待定,LocationPointer
r4,HyruleCastle_Hall_0,主殿,主殿,11492,7874,11492,7874,0.1,名字,无需改,LocationPointer
r4,HyruleCastle_Hall_1,二殿,二殿,11660,8300,11660,8300,0.5,名字,无需改,LocationPointer
r4,HyruleCastle_Hall_2,三殿,三殿,11274,8373,11274,8373,0.5,名字,无需改,LocationPointer
r4,HyruleCentralPlace,中央广场遗迹,中央广场遗迹,11492,9229,11492,9229,0.1,名字,无需改,LocationPointer
r4,HyrulePark,海拉鲁森林公园遗迹,海拉鲁森林公园遗迹,12385,8137,12385,8137,0.4,名字,无需改,LocationPointer
r4,HyrulePlace,海拉鲁军事演习场遗迹,海拉鲁军事演习场遗迹,13647,7051,13648,7051,1.0,名字,无需改,LocationPointer
r4,HyruleTemple,海拉鲁大圣堂遗迹,海拉鲁大圣堂遗迹,12160,8759,12160,8759,0.3,名字,无需改,LocationPointer
r4,HyruleTower,城邑监视塔遗迹,城邑监视塔遗迹,12161,9184,12162,9184,0.7,名字,无需改,LocationPointer
r4,IceHouse,北部冰屋,北部冰屋,4502,14577,4502,14577,0.5,名字,无需改,LocationPointer
r4,JokuBridge,莫约里桥,莫约里桥,12414,13207,12414,13207,0.1,名字,无需改,LocationPointer
r4,KingfisherSpa,泽卡瓦米的秘泉,泽卡瓦米的秘泉,3384,3012,3384,3012,0.0,名字,无需改,LocationPointer
r4,LanayruEastEntrance,拉聂尔神道东口,拉聂尔神道东口,18378,12311,18378,12311,0.3,名字,无需改,LocationPointer
r4,LeMarbeBridge,杰德桥,杰德桥,8620,10262,8620,10262,0.4,名字,无需改,LocationPointer
r4,LightningPlateau,雷之台地,雷之台地,7542,8080,7542,8080,0.4,名字,无需改,LocationPointer
r4,LomeiIslands,洛美岛,洛美岛,21309,2700,21309,2700,0.4,名字,无需改,LocationPointer
r4,MaronSpring,马泷之泉,马泷之泉,13602,17408,13603,17408,0.8,名字,无需改,LocationPointer
r4,MarritaExchange,玛丽塔交易所遗迹,玛丽塔交易所遗迹,8390,6750,8390,6750,0.0,名字,无需改,LocationPointer
r4,OrdinBridge,奥尔汀桥,奥尔汀桥,16421,5301,16421,5301,0.5,名字,无需改,LocationPointer
r4,OrdinFossil,奥尔汀大化石,奥尔汀大化石,15095,2605,15095,2605,0.1,名字,无需改,LocationPointer
r4,OsanjoBridge,芬萨桥,芬萨桥,12796,7665,12796,7665,0.3,名字,无需改,LocationPointer
r4,PowerFountain,力量之泉,力量之泉,19509,4656,19509,4656,0.5,名字,无需改,LocationPointer
r4,RirikendoBridge,欧兰桥,欧兰桥,17751,10065,17751,10065,0.0,名字,无需改,LocationPointer
r4,RonronCity,麦贝镇遗迹,麦贝镇遗迹,11885,10349,11885,10349,0.0,名字,无需改,LocationPointer
r4,ShichijoBridge,荷奈尔桥,荷奈尔桥,13361,11955,13362,11955,0.9,名字,无需改,LocationPointer
r4,ShijoBridge,马兹拉桥,马兹拉桥,13060,9012,13061,9012,1.1,名字,无需改,LocationPointer
r4,ShinyarkiVillage,劳鲁村落遗迹,劳鲁村落遗迹,13407,7487,13408,7487,1.0,名字,无需改,LocationPointer
r4,SojijiPark,撒丁公园遗迹,撒丁公园遗迹,8742,11376,8741,11376,1.5,名字,无需改,LocationPointer
r4,SotonkaBridge,泰斯塔桥,泰斯塔桥,8791,12080,8790,12080,1.0,名字,无需改,LocationPointer
r4,SouthGerudoLegacy,刑场遗迹,刑场遗迹,3698,17635,3698,17635,0.3,名字,无需改,LocationPointer
r4,StonePillers,古代石柱群,古代石柱群,4854,9137,4854,9137,0.5,名字,无需改,LocationPointer
r4,SusukadiBridge,达尔布尔桥,达尔布尔桥,16689,9504,16689,9504,0.0,名字,无需改,LocationPointer
r4,TabantaBridge,塔邦挞大桥,塔邦挞大桥,5768,8837,5768,8837,0.5,名字,无需改,LocationPointer
r4,TaserakaBridge,密斯密桥,密斯密桥,14570,8617,14571,8617,1.0,名字,无需改,LocationPointer
r4,TimesShrine,时光之神殿遗迹,时光之神殿遗迹,10362,14011,10362,14011,0.5,名字,无需改,LocationPointer
r4,ToriaBridge,波奇桥,波奇桥,12557,8572,12557,8571,0.6,名字,无需改,LocationPointer
r4,TotsugeBridge,卡洛克桥,卡洛克桥,9825,9051,9824,9051,0.6,名字,无需改,LocationPointer
r4,TurasuBridge,马神桥,马神桥,13179,17478,13180,17478,1.2,名字,无需改,LocationPointer
r4,YashinoLegacy,雅西诺遗迹,雅西诺遗迹,18894,16678,18894,16678,0.0,名字,无需改,LocationPointer
r4,WeaponCureSpring,大精灵之泉,大精灵之泉,15952,11692,15952,11692,0.3,名字,无需改,LocationPointer
r4,WeaponCureSpring_02,大妖精泉,,20224,7243,20224,7243,0.5,坐标,名字待定,LocationPointer
r4,WeaponCureSpring_03,大妖精泉,,4921,8505,4921,8505,0.6,坐标,名字待定,LocationPointer
r4,WeaponCureSpring_04,大妖精泉,,2259,17649,2259,17649,0.0,坐标,名字待定,LocationPointer
