label,官方中文名,game_x,game_z,px_x,px_y,来源,坐标条数
AagetoMt,阿盖特山,-4931.034,861.7604,2138,11724,Location,1
AdeyaLake,阿迪亚湖,455.0,2035.767,12910,14072,Location,3
AdeyaVillage,阿德亚村遗迹,353.0338,1953.302,12706,13907,LocationPointer,1
AgePlateau,亚哲台地,1506.608,2465.708,15013,14931,Location,1
AgunaiLake,达鲁尼亚湖,1405.333,-2841.862,14811,4316,Location,1
AkazaMt,拉聂尔群山,3993.518,1596.335,19987,13193,Location,1
AkkareBigBridge,阿卡莱大桥,3008.478,-1242.923,18017,7514,LocationPointer,1
AkkareGarrison,阿卡莱练兵场遗迹,3309.335,-1201.961,18619,7596,LocationPointer,1
AkkareZhai,阿卡莱堡垒遗迹,3335.9,-1452.6,18672,7095,LocationPointer,1
AkkareZhaiBridge,阿卡莱堡垒联络桥遗迹,3150.1,-1389.4,18300,7221,LocationPointer,1
AmimePlateau,阿米麦台地,219.7383,3631.89,12439,17264,Location,1
AmonenePlateau,拉尔斯池塘,2932.593,-250.0983,17865,9500,Location,1
AnbonBeach,玛萨海湾,1206.683,3728.922,14413,17458,Location,1
AnchoBeach,托隆波海滩,4498.385,3552.553,20997,17105,Location,1
AncientLabo,阿卡莱古代研究所,4515.631,-3164.532,21031,3671,LocationMarker,1
AnoleLake,马尔鼓池塘,2097.295,-2150.354,16195,5699,Location,1
AnoleTunnel,马尔鼓坑道,2007.961,-2013.301,16016,5973,Location,1
ArafuraPlain,阿拉弗拉平原,446.593,3335.282,12893,16671,Location,1
AraisoBeach,阿拉伊索海岸,1936.097,3878.847,15872,17758,Location,1
Assassin,依盖队基地,-3592.5,1380.5,4815,12761,LocationMarker,1
AzimetosPlateau,托斯迈吉亚台地,-4044.919,405.9199,3910,10812,Location,1
BachimakuMt,独杉群山,4403.436,2182.471,20807,14365,Location,1
BaconCliff,托洛鼓悬崖,1818.745,-1890.884,15637,6218,Location,1
BameHill,巴美山丘,-3998.905,-1614.109,4002,6772,Location,1
BanmezaLake,邦迈扎湖,904.4924,2873.268,13809,15747,Location,1
BantaValley,终焉之谷,-1437.213,-554.4125,9126,8891,Location,1
BarakkiPlain,达拉伊特森林,-2051.041,1138.946,7898,12278,Location,1
BarumePlain,巴尔麦平原,193.4487,3134.545,12387,16269,Location,1
BigBrotherBridge,双子哥哥桥,1671.92,2033.636,15344,14067,LocationPointer,1
BigTree,腐朽的千年古树,-1106.979,444.2717,9786,10889,LocationPointer,1
BigalLake,中鼓湖,2212.71,-1773.663,16425,6453,Location,1
BiginaTrees,基纳比森林,3202.202,2083.38,18404,14167,Location,1
BiridinHill,比利丁高地,-3475.817,1868.02,5048,13736,Location,1
BironSnow,比隆雪原,-3719.052,-2982.065,4562,4036,Location,3
BituoValley,比托谷,1329.271,2564.321,14659,15129,Location,1
BlindForest,德依布朗遗迹,327.0044,-3079.971,12654,3840,Location,1
BlizzarValley,暴风谷,-3065.76,-2954.228,5868,4092,Location,1
BokoboLake,盖洛湖,2427.523,-1728.584,16855,6543,Location,1
BonrasForest,本拉斯树海,1477.939,3254.438,14956,16509,Location,1
BoraraCape,塔姆海角,4480.136,897.2372,20960,11794,Location,1
BottuBay,斯普尔湾,4403.177,-192.5229,20806,9615,Location,1
BraveFountain,勇气之泉,876.9469,2371.375,13754,14743,LocationPointer,1
BrosRock,兄弟岩,-3986.73,-1751.558,4027,6497,LocationPointer,1
BrostarPlain,萨玛莎平原,3238.914,567.59,18478,11135,Location,1
BuhaIslands,贝弗岛,2701.199,-1748.291,17402,6503,Location,1
BuibuiTrees,布冰嘉森林,2085.391,2094.244,16171,14188,Location,1
BuichadaPlateau,秋叶台地,4166.958,-3153.444,20334,3693,Location,1
BuidaLake,布伊达湖,1854.702,3679.667,15709,17359,Location,1
BumiPlain,风标草原,-664.1662,750.4846,10672,11501,Location,2
BuramuPlateau,泡泡拉高地,812.7005,2177.131,13625,14354,Location,1
CastleTownMark,海拉鲁城邑遗迹,-255.0,-306.0078,11490,9388,LocationPointer,1
CelebrationPark,祭奠场遗迹,-254.0,-76.5,11492,9847,LocationPointer,1
CentralExchange,交易所遗迹,-744.0,868.0,10512,11736,LocationPointer,1
ChagaraMt,恰加拉海滨,3194.096,3559.933,18388,17120,Location,1
ChirakaVillage,科彭嘉村遗迹,1616.677,263.2201,15233,10526,LocationPointer,1
ChuonoPond,凯亚池塘,3493.344,1964.773,18987,13930,Location,1
Cohorint,塞哈特诺岛,4605.011,3646.791,21210,17294,LocationPointer,1
Cokiri,克洛格森林,427.9911,-2137.471,12856,5725,LocationMarker,3
Corosseo,竞技场遗迹,-1151.0,1262.5,9698,12525,LocationPointer,1
CresiaPeninsula,克莱西亚半岛,3420.639,3807.475,18841,17615,Location,1
DamzelForest,达姆泽尔树海,832.0786,2700.08,13664,15400,Location,1
DanioPlain,乌克克平原,3950.514,-977.1213,19901,8046,Location,1
DarinoPond,卡伊更池塘,3208.8,1698.877,18418,13398,Location,1
DasukidaMt,达斯齐达山,3173.402,3193.408,18347,16387,Location,1
DasukidaPlateau,达斯齐达高原,3002.681,3081.751,18005,16164,Location,1
DatsuPlain,特托拉平原,-348.243,3298.634,11304,16597,Location,1
DeathCaldera,死亡破火山口,2563.403,-2971.021,17127,4058,Location,1
DeathMountainHatago,山麓驿站,2613.332,-1143.513,17227,7713,LocationMarker,1
DeathMountain_Entrance,死亡之山登山口,2402.578,-1320.011,16805,7360,LocationPointer,1
DekamuPlain,马布尔德平原,2770.196,2282.414,17540,14565,Location,1
DodoraBridge,拉鲁特大桥,3075.683,3.835663,18151,10008,LocationPointer,1
DokamamaPlain,撒哈斯拉平原,1378.157,1050.083,14756,12100,Location,2
DokuroPond,骷髅池塘,3313.558,-3498.718,18627,3003,Location,1
DonLake,露露湖,3720.493,-598.1126,19441,8804,Location,1
DotiBeach,林芭海滩,3167.14,3721.088,18334,17442,Location,1
DragonMarsh,龙骨沼泽,-4174.5,-1714.867,3651,6570,LocationPointer,1
DragonsFar,龙之流放地,-4661.335,3626.376,2677,17253,Location,1
Dungeon000,塔·姆尔神庙,2301.462,-940.7258,16603,8119,LocationMarker,1
Dungeon001,吉诺·耀神庙,-1793.255,2422.486,8413,14845,LocationMarker,1
Dungeon002,萨·达究神庙,2666.12,-1580.328,17332,6839,LocationMarker,1
Dungeon003,哈瓦·卡伊神庙,-4847.434,3773.548,2305,17547,LocationMarker,1
Dungeon004,基瓦·扎塔斯神庙,-1432.615,-593.246,9135,8814,LocationMarker,1
Dungeon005,奈兹·耀玛神庙,3323.169,-517.9188,18646,8964,LocationMarker,1
Dungeon006,亚奥·玛耀神庙,2833.533,3311.958,17667,16624,LocationMarker,1
Dungeon007,瓦希·辽科神庙,87.01651,1657.706,12174,13315,LocationMarker,1
Dungeon008,沃力达·诺神庙,-3608.986,-1516.377,4782,6967,LocationMarker,1
Dungeon009,瓦·摩达伊神庙,-925.0303,2320.229,10150,14640,LocationMarker,1
Dungeon010,克·诺伊神庙,-2809.968,2300.177,6380,14600,LocationMarker,1
Dungeon011,蒙亚·托玛神庙,-1489.24,-1473.803,9022,7052,LocationMarker,1
Dungeon012,乌塔·多神庙,-4015.362,-1722.486,3969,6555,LocationMarker,1
Dungeon013,卡茨·托萨神庙,4294.901,-2729.875,20590,4540,LocationMarker,1
Dungeon014,卡姆·尤奥神庙,2501.7,1495.582,17003,12991,LocationMarker,1
Dungeon015,托托·伊萨神庙,1846.561,2473.726,15693,14947,LocationMarker,1
Dungeon016,鲁克·玛神庙,3333.5,402.5,18667,10805,LocationMarker,1
Dungeon017,希贝·尼罗神庙,1266.269,1938.7,14533,13877,LocationMarker,1
Dungeon018,拉·库阿神庙,-2377.017,-3224.61,7246,3551,LocationMarker,1
Dungeon019,达乌·纳艾神庙,2696.768,1333.017,17394,12666,LocationMarker,1
Dungeon020,希·达哥兹神庙,-1892.417,91.03052,8215,10182,LocationMarker,1
Dungeon021,托·雅萨神庙,-2269.1,-901.1,7462,8198,LocationMarker,1
Dungeon022,基耀·乌神庙,470.9549,-2167.817,12942,5664,LocationMarker,1
Dungeon023,协莫·拉塔神庙,1509.48,-377.219,15019,9246,LocationMarker,1
Dungeon024,米兹·耀神庙,2621.62,379.2342,17243,10758,LocationMarker,1
Dungeon025,克哈·拉玛神庙,2075.823,-2039.718,16152,5921,LocationMarker,1
Dungeon026,希摩·依托塞神庙,1756.571,-2561.701,15513,4877,LocationMarker,1
Dungeon027,鲁耀·塔乌神庙,-1562.293,1309.783,8875,12620,LocationMarker,1
Dungeon028,晓拉·哈神庙,1536.209,-3117.468,15072,3765,LocationMarker,1
Dungeon029,席罗·席拉神庙,854.0031,838.7382,13708,11677,LocationMarker,1
Dungeon030,究尼·希神庙,-2004.008,1675.263,7992,13351,LocationMarker,1
Dungeon031,摩阿·基希托神庙,2723.078,-1165.168,17446,7670,LocationMarker,1
Dungeon032,达科·塔瓦神庙,-3316.802,2162.679,5366,14325,LocationMarker,1
Dungeon033,达塔·库斯神庙,1601.833,462.7538,15204,10926,LocationMarker,1
Dungeon034,玛·卡亚神庙,3437.285,3317.196,18875,16634,LocationMarker,1
Dungeon035,阿科·瓦塔神庙,-3656.033,-1757.7,4688,6485,LocationMarker,1
Dungeon036,希·基托神庙,-3910.613,1653.031,4179,13306,LocationMarker,1
Dungeon037,夏奥·耀神庙,-2930.76,-433.0385,6138,9134,LocationMarker,1
Dungeon038,玛·奥努神庙,-672.4623,1513.63,10655,13027,LocationMarker,1
Dungeon039,米亚马·迦纳神庙,3387.707,2215.13,18775,14430,LocationMarker,1
Dungeon040,亚卡·玛塔神庙,-967.6394,716.8793,10065,11434,LocationMarker,1
Dungeon041,加·巴希夫神庙,-447.6951,1990.182,11105,13980,LocationMarker,1
Dungeon042,利·摩纳神庙,-1720.389,-2554.626,8559,4891,LocationMarker,1
Dungeon043,库伊·塔卡神庙,-3083.613,1221.79,5833,12444,LocationMarker,1
Dungeon044,希贝·尼亚斯神庙,1245.118,1850.441,14490,13701,LocationMarker,1
Dungeon045,哈尤·达玛神庙,1662.967,1922.396,15326,13845,LocationMarker,1
Dungeon046,夏达·阿达神庙,-2998.305,-3220.635,6003,3559,LocationMarker,1
Dungeon047,利·达席神庙,1272.917,1843.91,14546,13688,LocationMarker,1
Dungeon048,吉兹·卡夫伊神庙,3028.298,-1668.015,18057,6664,LocationMarker,1
Dungeon049,卡亚·米瓦神庙,825.1654,187.509,13650,10375,LocationMarker,1
Dungeon050,塞伊·乌托神庙,1586.375,3613.992,15173,17228,LocationMarker,1
Dungeon051,卡玛·拉席神庙,-4058.835,-2508.257,3882,4983,LocationMarker,1
Dungeon052,诺基·米席神庙,-2380.419,-2255.404,7239,5489,LocationMarker,1
Dungeon053,夏·塔瓦神庙,-3822.237,-2206.896,4356,5586,LocationMarker,1
Dungeon054,卡奥·玛卡神庙,522.9542,3525.324,13046,17051,LocationMarker,1
Dungeon055,多恩巴·塔神庙,-2832.063,-1577.131,6336,6846,LocationMarker,1
Dungeon056,米罗·茨席神庙,1230.997,-1212.728,14462,7575,LocationMarker,1
Dungeon057,瓦哥·卡塔神庙,345.5874,1007.769,12691,12016,LocationMarker,1
Dungeon058,摩·拉塔尼阿神庙,-2297.784,461.6641,7404,10923,LocationMarker,1
Dungeon059,卡·奥裘神庙,-4121.399,-414.1998,3757,9172,LocationMarker,1
Dungeon060,古科·齐塞神庙,-3816.314,2819.157,4367,15638,LocationMarker,1
Dungeon061,晓达·萨神庙,1790.257,2992.864,15581,15986,LocationMarker,1
Dungeon062,夏·格玛神庙,-1672.356,-3759.028,8655,2482,LocationMarker,1
Dungeon063,基玛·兹斯神庙,-4673.53,1968.79,2653,13938,LocationMarker,1
Dungeon064,达卡·卡神庙,2064.973,-2327.874,16130,5344,LocationMarker,1
Dungeon065,图米·恩科神庙,-1435.387,1990.706,9129,13981,LocationMarker,1
Dungeon066,卡·姆神庙,4708.564,-1309.511,21417,7381,LocationMarker,1
Dungeon067,丘·拉姆席神庙,1820.241,-1517.903,15640,6964,LocationMarker,1
Dungeon068,亚·纳迦神庙,-329.1666,2600.119,11342,15200,LocationMarker,1
Dungeon069,伊奥·索奥神庙,-985.7891,3564.978,10028,17130,LocationMarker,1
Dungeon070,萨奥·科席神庙,2239.213,-292.43,16478,9415,LocationMarker,1
Dungeon071,普玛·尼特神庙,559.364,2991.178,13119,15982,LocationMarker,1
Dungeon072,达·卡索神庙,-1695.714,1701.026,8609,13402,LocationMarker,1
Dungeon073,卡塔·丘基神庙,-636.0839,-344.1649,10728,9312,LocationMarker,1
Dungeon074,尼阿·奈阿神庙,-952.1733,-623.8846,10096,8752,LocationMarker,1
Dungeon075,达席·希诺神庙,3899.691,-1303.794,19799,7392,LocationMarker,1
Dungeon076,萨萨·卡伊神庙,-3560.287,1953.873,4879,13908,LocationMarker,1
Dungeon077,科尼·希卡神庙,4194.714,-855.908,20389,8288,LocationMarker,1
Dungeon078,米达·罗基神庙,-2743.992,225.7467,6512,10451,LocationMarker,1
Dungeon079,纳米卡·奥兹神庙,760.2905,-821.3871,13521,8357,LocationMarker,1
Dungeon080,希·塔塔恩科神庙,94.99838,3840.943,12190,17682,LocationMarker,1
Dungeon081,姆奥·吉姆神庙,3657.167,3307.993,19314,16616,LocationMarker,1
Dungeon082,洽斯·科塔神庙,4011.483,2989.831,20023,15980,LocationMarker,1
Dungeon083,提纳·裘扎神庙,-3466.357,-447.4994,5067,9105,LocationMarker,1
Dungeon084,茨茨阿·尼玛神庙,3777.255,-2704.069,19555,4592,LocationMarker,1
Dungeon085,基玛·科萨萨神庙,-4657.493,904.9697,2685,11810,LocationMarker,1
Dungeon086,迦奥玛·阿萨神庙,-2793.274,-2882.063,6413,4236,LocationMarker,1
Dungeon087,妙斯·希诺神庙,-3626.71,-3038.259,4747,3923,LocationMarker,1
Dungeon088,席亚·米乌神庙,-4446.018,-3802.419,3108,2395,LocationMarker,1
Dungeon089,萨斯·科萨神庙,-148.3952,-1159.346,11703,7681,LocationMarker,1
Dungeon090,斯玛·萨玛神庙,-1417.777,3449.206,9164,16898,LocationMarker,1
Dungeon091,古·阿齐托神庙,2662.707,-3457.207,17325,3086,LocationMarker,1
Dungeon092,玛·诺拉神庙,-1940.474,-1459.019,8119,7082,LocationMarker,1
Dungeon093,拉丘·乌罗神庙,-3809.56,3126.858,4381,16254,LocationMarker,1
Dungeon094,托·卡尤神庙,-4798.148,2800.031,2404,15600,LocationMarker,1
Dungeon095,库恩·希达吉神庙,18.44452,-1943.704,12037,6113,LocationMarker,1
Dungeon096,丘卡·纳塔神庙,2007.901,3284.566,16016,16569,LocationMarker,1
Dungeon097,库古·齐德神庙,4736.618,3771.592,21473,17543,LocationMarker,1
Dungeon098,达·乔卡席神庙,-26.08035,-2457.688,11948,5085,LocationMarker,1
Dungeon099,塔罗·尼席神庙,1841.225,891.1125,15682,11782,LocationMarker,1
Dungeon100,基哈·乌神庙,-3852.46,716.358,4295,11433,LocationMarker,1
Dungeon101,达·基基神庙,3148.852,-417.3299,18298,9165,LocationMarker,1
Dungeon102,兹纳·卡伊神庙,3324.085,-3421.369,18648,3157,LocationMarker,1
Dungeon103,迪拉·玛神庙,-1795.0,3464.391,8410,16929,LocationMarker,1
Dungeon104,拉诺·库席神庙,-2636.745,-2061.288,6727,5877,LocationMarker,1
Dungeon105,图·卡罗神庙,4655.0,-3709.0,21310,2582,LocationMarker,1
Dungeon106,玛姆·拉诺神庙,836.6338,-2418.811,13673,5162,LocationMarker,1
Dungeon107,密·苏神庙,-2969.8,3780.634,6060,17561,LocationMarker,1
Dungeon108,基托·瓦瓦伊神庙,284.4,-3119.6,12569,3761,LocationMarker,1
Dungeon109,利塔·兹摩神庙,4525.04,-2128.393,21050,5743,LocationMarker,1
Dungeon110,裘希·奥神庙,-2689.307,2811.907,6621,15624,LocationMarker,1
Dungeon111,塔瓦·吉努神庙,2636.691,2833.854,17273,15668,LocationMarker,1
Dungeon112,拉纳·罗基神庙,2039.633,971.7044,16079,11943,LocationMarker,1
Dungeon113,希·库乔夫神庙,870.4947,2329.528,13741,14659,LocationMarker,1
Dungeon114,希·尤塔神庙,4245.246,253.9076,20490,10508,LocationMarker,1
Dungeon115,罗纳·卡塔神庙,-1088.8,-2660.744,9822,4679,LocationMarker,1
Dungeon116,卡扎·托基神庙,-821.5,-3535.0,10357,2930,LocationMarker,1
Dungeon117,吉塔·萨米神庙,3883.028,1315.361,19766,12631,LocationMarker,1
Dungeon118,托·库摩神庙,-4022.127,-3711.697,3956,2577,LocationMarker,1
Dungeon119,塔诺·阿神庙,4182.765,1686.558,20366,13373,LocationMarker,1
EagleBridge,莫里桥,-3117.187,-1287.573,5766,7425,Location,1
EastDam,东部的蓄水湖,3645.851,-119.7094,19292,9761,LocationPointer,1
EastEunpoHighlands,东埃文坡高地,1126.051,-3673.369,14252,2653,Location,2
EastGerudo,,-2537.653,3539.304,6925,17079,Location,1
EastGerudoPlateau,东格鲁德高地,-1576.906,2987.601,8846,15975,Location,1
EastGerudoRuins,东格鲁德遗迹,-2691.0,2889.6,6618,15779,LocationPointer,1
EastPostTownRuin,东部的驿站村废墟,30.83191,1565.386,12062,13131,LocationPointer,1
EastShrine,东部神殿遗迹,-498.5233,1930.951,11003,13862,Location,1
ElegLake,纳比湖,1098.472,1162.922,14197,12326,Location,1
EnRiver,爱恩河,-15.19631,3251.925,11970,16504,Location,1
EquePlateau,安吉尔台地,1715.501,2619.629,15431,15239,Location,1
ErumedaPlateau,艾美拉尔台地,-4100.342,1296.489,3799,12593,Location,1
EunpoHighlands,,335.735,-3693.148,12671,2614,Location,1
Execution,监狱遗迹,-681.699,-841.0332,10637,8318,LocationPointer,1
ExpaTrees,艾奇斯帕森林,3853.023,2011.589,19706,14023,Location,1
EzzuBridge,伊格尔斯桥,970.6177,941.1848,13941,11882,LocationPointer,1
FairyForest,精灵森林,-962.7613,1705.28,10074,13411,Location,1
FaronHatago000,双子驿站,1761.314,1926.244,15523,13852,LocationMarker,1
FaronHatago001,湖畔驿站,1552.023,3537.839,15104,17076,LocationMarker,1
FaronHatago002,高原驿站,529.6001,3450.883,13059,16902,LocationMarker,1
FenaMt,娜波露山,-1893.224,1942.54,8214,13885,Location,1
FeoreRiver,玛科莱湖,337.236,-2749.984,12674,4500,Location,4
FinrasForest,芬拉斯树海,423.3096,2952.625,12847,15905,Location,1
FironeForestEntrance,费罗尼树海入口,395.1327,3037.606,12790,16075,LocationPointer,1
FlamingoSpa,明弗拉的秘泉,-3443.5,-3574.5,5113,2851,LocationPointer,1
FlogPond,青蛙池塘,-1191.477,1659.283,9617,13319,Location,1
FloriaBridge,花柔莉亚桥,1737.902,3467.936,15476,16936,LocationPointer,1
FloriaFalls,花柔莉亚大瀑布,1772.758,3256.497,15546,16513,Location,1
FloriaRiver,花柔莉亚河,1277.003,3327.131,14554,16654,Location,2
FlowerSandbank,花之中州,864.4004,879.7974,13729,11760,LocationPointer,1
ForestHatago,森林驿站,1065.67,-1141.583,14131,7717,LocationMarker,1
FrontGatePosttown,门前驿站村遗迹,-545.0,1455.0,10910,12910,LocationPointer,1
FuruboLake,幽芬湖,2519.544,-1516.648,17039,6967,Location,3
GakanakkyoPlain,西海拉鲁平原,-1605.534,-202.0661,8789,9596,Location,3
GameBalling,彭多的小屋,-2076.6,-2080.6,7847,5839,LocationPointer,1
GameBitalockGolf,库库甲谷球场,-3119.204,-627.7742,5762,8744,LocationPointer,2
GameGutsCriff,毅力崖,2674.0,-3511.5,17348,2977,LocationPointer,1
GameMarathon,马拉松报名处,-2642.308,-1168.918,6715,7662,LocationPointer,1
GameShiledSurf,丝莱米的小屋,-2963.9,-3140.4,6072,3719,LocationPointer,1
GameYabusame,骑射演武报名处,-162.5746,3514.374,11675,17029,LocationPointer,1
GameZarashiRace,沙海象拉力赛报名处,-3773.016,3198.0,4454,16396,LocationPointer,1
GamettaPlateau,卡琳高原,2600.777,1779.888,17202,13560,Location,1
GaneLake,洁净池塘,3261.381,1314.115,18523,12628,Location,1
GarakishiPass,夏特岭,3382.508,-2273.783,18765,5452,Location,1
GarakishiVillage,夏特村落遗迹,3053.783,-2299.474,18108,5401,LocationPointer,1
GasemaDam,茹特拉大坝,3557.454,78.21869,19115,10156,Location,1
GasemaRiver,茹特拉河,2518.1,198.977,17036,10398,Location,2
GashamaHill,更格尔山丘,680.5388,-909.205,13361,8182,Location,1
GashamahiMt,更格尔山,1172.032,-320.0698,14344,9360,Location,1
GatakaraGarrison,科摩罗驻军地遗迹,-465.0074,1272.363,11070,12545,LocationPointer,1
GatakaraPond,科摩罗池塘,-487.485,1163.091,11025,12326,Location,1
GatinLake,密兹达湖,2753.679,-1274.42,17507,7451,Location,3
GenLake,丘萨茨湖,2186.524,-1193.028,16373,7614,Location,1
GeraRiver,默米河,2821.545,1952.351,17643,13905,Location,1
Gerudo,,-3835.0,2915.0,4330,15830,LocationMarker,9
GerudoCanyon,格鲁德峡谷,-2308.234,2216.004,7384,14432,Location,1
GerudoCanyon_Entrance,格鲁德峡谷入口,-1654.0,2017.0,8692,14034,LocationPointer,1
GerudoDesert_Entrance,格鲁德沙漠入口,-2918.182,2322.405,6164,14645,LocationPointer,1
GerudoFossil,格鲁德大化石,-4824.15,3715.872,2352,17432,LocationPointer,1
GerudoHatago,格鲁德峡谷驿站,-2803.812,2225.765,6392,14452,LocationMarker,1
GerudoSummit,格鲁德山顶,-4104.676,699.1396,3791,11398,Location,1
GiankonIsland,玛科莱岛,-259.5609,-2193.719,11481,5613,Location,1
GibogaHill,八爪怪森林,3357.071,-3079.65,18714,3841,Location,1
GibururuMt,露朵山,3243.232,94.80028,18486,10190,Location,1
GigiLake,波奈湖,2083.947,-13.67247,16168,9973,Location,1
GiminoPond,乌尔希池塘,3721.611,1905.712,19443,13811,Location,1
GimpoMt,花柔莉亚山,1931.038,2777.759,15862,15556,Location,1
GisaHill,吉萨山丘,-3638.635,-948.8678,4723,8102,Location,1
GishiHill,吉希山丘,-3478.071,-679.1806,5044,8642,Location,1
GoanaValley,葛亚娜峡谷,3273.622,3412.07,18547,16824,Location,1
GobyMt,卡尔山,2566.629,3474.813,17133,16950,Location,1
GoinaPlateau,皮埃尔高地,2213.056,944.0733,16426,11888,Location,1
Goron,,1685.152,-2467.495,15370,5065,LocationMarker,5
GoronBridge,鼓隆桥,1645.276,-2441.387,15291,5117,LocationPointer,1
GoronSpa,鼓隆温泉,1775.962,-2255.678,15552,5489,Location,1
GoyoLake,红叶湖,4268.146,-3017.484,20536,3965,Location,1
GumaroValley,乌奥谷,2469.419,3259.862,16939,16520,Location,1
GutinizaPlain,古奇尼扎平原,869.9221,3363.719,13740,16727,Location,1
GutinizaPlainTomb,古奇尼扎平原古墓群,1065.01,3376.506,14130,16753,LocationPointer,1
GyunaIsland,阿克伦岛,4651.704,-1026.992,21303,7946,Location,1
HachijoBridge,阿乌尔桥,326.2411,1272.942,12652,12546,LocationPointer,1
HagoromoLake,哈格罗莫湖,1710.64,948.3325,15421,11897,Location,1
HamiyonPlain,奥布力平原,3060.01,1883.294,18120,13767,Location,1
HarayaLake,哈拉亚池塘,376.6248,3477.886,12753,16956,Location,1
HashibiroLake,哈希毕罗湖,-3383.476,-1233.788,5233,7532,Location,2
Hateno,,3592.743,2121.852,19185,14244,LocationMarker,5
HatenoBay,奇塔诺湾,3684.648,2503.467,19369,15007,Location,1
HatenoBeach,哈特诺海滩,4016.552,2314.7,20033,14629,Location,1
HatenoGate,哈特诺堡垒,2323.72,1837.069,16647,13674,LocationPointer,1
HatenoLabo,哈特诺古代研究所,3778.628,2125.697,19557,14251,LocationMarker,1
HatenokoIsland,哈特诺小岛,4008.369,2944.777,20017,15890,Location,1
HawkMt,库荷山,-3834.283,-1326.91,4331,7346,Location,1
HeburaEastSummit,海布拉山东岳,-2752.838,-3053.666,6494,3893,Location,1
HeburaFossil,海布拉大化石,-4016.7,-3684.5,3967,2631,LocationPointer,1
HeburaIcicle,冰冻山麓,-4345.387,-3743.275,3309,2513,Location,1
HeburaLodge,海布拉山脉登山口小屋,-3572.406,-2275.656,4855,5449,LocationPointer,1
HeburaMt_North,海布拉北峰,-3539.268,-3740.209,4921,2520,Location,1
HeburaNorthSummit,海布拉山北岳,-3983.641,-3612.721,4033,2775,Location,1
HeburaPeak,海布拉山山顶,-2770.682,-2913.745,6459,4173,Location,1
HeburaSouthSummit,海布拉山南岳,-3471.156,-2576.249,5058,4848,Location,1
HeburaTundera,海布拉冻原,-3395.053,-3297.968,5210,3404,Location,2
HeburaWestSummit,海布拉山西岳,-4455.328,-3171.224,3089,3658,Location,2
HemaHill,海马高地,-4239.648,152.9755,3521,10306,Location,1
HesonaiValley,亚娜谷,-1867.924,2816.817,8264,15634,Location,1
HigakkareBeach,东阿卡莱海岸,4353.725,-2400.411,20707,5199,Location,2
HigakkarePlain,东阿卡莱平原,4096.214,-2148.708,20192,5703,Location,1
HigashinoBay,奥克诺湾,4283.439,2355.344,20567,14711,Location,1
HimeidaMt,席美达山,2548.448,2461.164,17097,14922,Location,1
HopeBridge,许愿河畔,2751.723,-87.14342,17503,9826,Location,1
HopesPlateau,初始台地,-930.5,1909.5,10139,13819,LocationPointer,1
HyliaMt,海利亚山,-1277.152,2180.244,9446,14360,Location,1
HyliaRiver,黄泉河,-1227.882,1981.25,9544,13962,Location,1
HyralBridge,海利亚大桥,-40.35095,2508.657,11919,15017,LocationPointer,1
HyralIslands,海利亚岛,-329.8351,2638.244,11340,15276,Location,1
HyruleCastle,,-254.0,-611.367,11492,8777,LocationMarker,1
HyruleCastleTown,,-255.0,-306.0078,11490,9388,LocationPointer,1
HyruleCastle_Hall_0,主殿,-254.0,-1063.062,11492,7874,LocationPointer,1
HyruleCastle_Hall_1,二殿,-170.2331,-850.1249,11660,8300,LocationPointer,1
HyruleCastle_Hall_2,三殿,-363.163,-813.3167,11274,8373,LocationPointer,1
HyruleCastle_Room_0,观察室,-254.0,-769.367,11492,8461,LocationPointer,1
HyruleCastle_Room_1,,-116.0875,-837.3592,11768,8325,LocationPointer,1
HyruleCastle_Room_10,东坑道,-111.5,-977.867,11777,8044,LocationPointer,1
HyruleCastle_Room_11,西坑道,-469.5,-851.367,11061,8297,LocationPointer,1
HyruleCastle_Room_2,训练所,-368.7,-846.567,11263,8307,LocationPointer,1
HyruleCastle_Room_3,图书馆,-157.9218,-1067.45,11684,7865,LocationPointer,1
HyruleCastle_Room_5,牢房,-443.9,-1062.267,11112,7875,LocationPointer,1
HyruleCastle_Room_6,塞尔达的房间,-320.5,-995.867,11359,8008,LocationPointer,1
HyruleCastle_Room_7,船坞,-255.0156,-1188.633,11490,7623,LocationPointer,1
HyruleCastle_Room_8,塞尔达的研究室,-384.0,-983.4686,11232,8033,LocationPointer,1
HyruleCastle_Room_9,国王的书房,-171.7445,-1120.706,11657,7759,LocationPointer,1
HyruleCentralPlace,中央广场遗迹,-253.9383,-385.5045,11492,9229,LocationPointer,1
HyruleDepthHatago,平原外围的驿站,-1449.493,1269.011,9101,12538,LocationMarker,1
HyruleEastTown,东海拉鲁城邑遗迹,-10.08295,-437.5038,11980,9125,Location,1
HyruleGarrison,海拉鲁驻军地遗迹,-588.0,574.0,10824,11148,LocationPointer,1
HyruleGround,海拉鲁大地,-1387.738,1538.578,9225,13077,LocationMarker,1
HyruleLabo,王室古代研究所遗迹,-1265.0,-1030.0,9470,7940,LocationPointer,1
HyrulePark,海拉鲁森林公园遗迹,192.7092,-931.5533,12385,8137,LocationPointer,1
HyrulePlace,海拉鲁军事演习场遗迹,824.0,-1474.5,13648,7051,LocationPointer,1
HyruleTemple,海拉鲁大圣堂遗迹,80.08893,-620.3582,12160,8759,LocationPointer,1
HyruleTower,城邑监视塔遗迹,80.78717,-408.2397,12162,9184,LocationPointer,1
HyruleWater,蓄水池遗迹,-596.6262,-516.6731,10807,8967,LocationPointer,1
HyruleWestHatago,玛丽塔驿站,-1559.375,-1799.053,8881,6402,LocationMarker,1
HyruleWestTown,西海拉鲁城邑遗迹,-514.2282,-436.4212,10972,9127,Location,1
Hyrule_Out,海拉鲁城堡护城河,-291.4153,-1257.689,11417,7485,Location,8
IbaraPlateau,伊巴拉高地,765.2322,3789.279,13530,17579,Location,1
IceHouse,北部冰屋,-3748.865,2288.699,4502,14577,LocationPointer,1
IkokoPlateau,托洛伊瓦高原,4443.083,354.5604,20886,10709,Location,1
ImeruMt,艾尔姆丘陵,-425.2582,-1754.122,11149,6492,Location,1
IooValley,贝莱谷,2272.28,-709.5626,16545,8581,Location,1
IrimoLake,鼓大湖,1712.285,-1514.948,15425,6970,Location,1
IrimoRiver,鼓大河,1566.699,-1842.93,15133,6314,Location,1
IsakiCape,伊萨奇海角,3800.012,3656.958,19600,17314,Location,1
IsakuIslands,千之中州,1311.438,535.1791,14623,11070,Location,3
JedaPlateau,梅竹台地,-2200.999,1823.386,7598,13647,Location,1
JijigegeMt,洛兹伍德山,2377.446,2195.25,16755,14390,Location,1
JiuRiver,卓拉河,2657.776,-364.3933,17316,9271,Location,2
JogoBridge,莱波纳桥,822.5089,33.93939,13645,10068,LocationPointer,1
JokuBridge,莫约里桥,206.992,1603.555,12414,13207,LocationPointer,1
KagossaMt,卡格萨群山,-556.5148,3222.281,10887,16445,Location,1
KaiyanPlain,阿拉布平原,2614.559,590.4836,17229,11181,Location,1
KakamoLake,特洽湖,1708.057,789.7225,15416,11579,Location,1
KakaomePlain,巴奇平原,-901.645,-1434.893,10197,7130,Location,1
Kakariko,卡卡利科村,1854.686,981.3235,15709,11963,LocationMarker,5
KakufusaPlain,草笛山丘,151.7625,851.8387,12304,11704,Location,1
KamasuPlateau,卡玛斯台地,1436.453,2988.998,14873,15978,Location,1
KamutariPlateau,法兰台地,2509.431,1225.729,17019,12451,Location,1
KapporeMt,卡坡莱山,-925.6411,2629.127,10149,15258,Location,1
KarimikiLake,库斯湖,3061.679,2042.064,18123,14084,Location,1
KarusaValley,卡尔萨谷,-4308.194,1854.498,3384,13709,Location,1
KasuraMt,卡斯拉山,-3276.283,-2417.338,5447,5165,Location,1
KattoriPlateau,费罗龙台地,556.1763,2487.625,13112,14975,Location,1
KaturaCastle,贤者之神殿遗迹,-1355.0,233.0,9290,10466,LocationPointer,1
KaturaRiver,希麦加米河,-1557.524,921.486,8885,11843,Location,8
KauLake,海布拉湖,-3072.184,-2134.821,5856,5730,Location,2
KazanaDungeon,卡扎那裂谷,3454.685,-3254.741,18909,3491,Location,1
KazuryuLake,卡兹溜湖,928.1736,2583.119,13856,15166,Location,1
KazuryuRiver,卡兹溜河,1023.655,2762.54,14047,15525,Location,1
KazusuPass,凯坡拉岭,4114.774,-1206.422,20230,7587,Location,1
KibakkaSnow,海布拉水源,-2830.421,-2415.83,6339,5168,Location,1
KibinaLake,奇比纳湖,1017.212,3512.102,14034,17024,Location,1
KihirePlain,奇希莱平原,1492.766,2867.27,14986,15735,Location,1
KikinosaMt,拉布拉山,-1943.638,-1258.014,8113,7484,Location,1
KikinosaPlain,拉布拉山丘,-2231.495,-1344.869,7537,7310,Location,2
KimarikaMt,觉醒山,2912.347,1463.034,17825,12926,Location,1
KimarikaPlateau,卡伊更高地,3200.979,1385.767,18402,12772,Location,1
KingValley,忘却神殿,-1567.362,-2118.342,8865,5763,Location+LocationMarker,2
KingfisherSpa,泽卡瓦米的秘泉,-4308.0,-3494.0,3384,3012,LocationPointer,1
KinmePlateau,柯荷利特台地,4654.153,3720.611,21308,17441,Location,1
KinshoiMt,达夫奈斯山,-1105.0,556.2332,9790,11112,Location,1
KirisasaPlateau,拉聂尔高地,2929.498,1244.796,17859,12490,Location,1
KiriyabuMt,波努鲁山地,2153.19,1130.308,16306,12261,Location,1
KitakkareBeach,北阿卡莱海岸,4717.296,-2923.514,21435,4153,Location,1
KitakkarePlain,北阿卡莱平原,3803.343,-2823.346,19607,4353,Location,1
KitakkarePlateau,北阿卡莱高地,4175.11,-2883.105,20350,4234,Location,1
KitanoBay,哈特诺湾,4021.11,2422.685,20042,14845,Location,1
KiyanbaTrees,齐洛利森林,1020.974,-1376.306,14042,7247,Location,2
KochuBridge,卡卡利科桥,1785.414,1533.152,15571,13066,LocationPointer,1
KoganeyaLake,科嘉奈亚池塘,2995.042,2916.248,17990,15832,Location,1
KokuppiSnow,柯库皮雪原,-2345.436,-2508.51,7309,4983,Location,1
KokuwaLake,塔莫沼泽,1977.848,1842.493,15956,13685,Location,1
KomoreBeach,科莫莱海滩,698.7559,3932.49,13398,17865,Location,1
KondanaLake,达鲁波池塘,2336.467,-2042.684,16673,5915,Location,1
KoshaIsland,戴比岛,4636.826,-608.1185,21274,8784,Location,1
KuhanLake,库罕池塘,2787.807,2730.744,17576,15461,Location,1
KukujaValley,库库甲谷,-3485.018,-179.3438,5030,9641,Location,5
KumPlateau,库姆之地,-4109.842,-2850.503,3780,4299,Location,1
KumSpa,库姆的秘泉,-4090.5,-2753.0,3819,4494,LocationPointer,1
KunaiBridge,亚阔桥,-1128.806,1017.053,9742,12034,LocationPointer,1
KunaiLake,亚阔湖,-993.4432,1163.181,10013,12326,Location,2
KurindaPrairie,卡萨伊美平原,-332.9032,3682.915,11334,17366,Location,1
KurisobeSnow,贝利尔雪原,-4556.402,1090.751,2887,12182,Location,2
KuroidaPlateau,克洛伊达高地,2131.271,2602.765,16263,15206,Location,1
KutenLake,库坦池塘,2700.937,2944.842,17402,15890,Location,1
KutiffMt,罗姆山,-2690.956,-776.0194,6618,8448,Location,1
LakeFloria,花柔莉亚湖,1737.86,3532.013,15476,17064,Location,1
LakeHylia,海利亚湖,-431.0963,2302.195,11138,14604,Location,7
LanayruBay,拉聂尔湾,3813.893,612.9576,19628,11226,Location,2
LanayruEastEntrance,拉聂尔神道东口,3188.852,1155.546,18378,12311,LocationPointer,1
LanayruWestEntrance,拉聂尔神道西口,2304.875,706.5808,16610,11413,LocationPointer,1
LaveBeach,拉贝岩礁,-174.4568,3850.024,11651,17700,Location,1
LeMarbeBridge,杰德桥,-1689.858,130.8358,8620,10262,LocationPointer,1
LightningPlateau,雷之台地,-2229.2,-960.0,7542,8080,LocationPointer,1
LittleBrotherBridge,双子弟弟桥,1715.915,2149.552,15432,14299,LocationPointer,1
LomeiIslands,洛美岛,4654.3,-3649.9,21309,2700,LocationPointer,1
LostForest,迷失的森林,741.5,-1912.5,13483,6175,LocationPointer,1
MacusePeninsula,马秋兹半岛,4616.399,-2242.998,21233,5514,Location,1
MakuminoValley,玛克米诺谷,95.26317,3394.451,12191,16789,Location,1
ManbaLake,鼓洛斯湖,1864.913,-2453.815,15730,5092,Location,1
MapArea_CentralHyrule,海拉鲁平原,-458.72,581.5958,11083,11163,Location,1
MapArea_DeathMountain,死亡之山,2522.093,-2768.819,17044,4462,Location,1
MapArea_EastHateru,东哈特尔,2679.294,2507.28,17359,15015,Location,1
MapArea_EldinCanyon,奥尔汀峡谷,1852.762,-1400.643,15706,7199,Location,1
MapArea_EldinMountains,奥尔汀山脉,1310.076,-3375.616,14620,3249,Location,1
MapArea_FironeGrassland,费罗尼草原,-423.3035,3156.432,11153,16313,Location,1
MapArea_FironeSea,费罗尼海,-51.15855,3986.363,11898,17973,Location,1
MapArea_GerudoDesert,格鲁德沙漠,-3665.435,3615.889,4669,17232,Location,1
MapArea_GerudoHighlands,格鲁德高地,-4088.508,843.2399,3823,11686,Location,1
MapArea_HateruSea,哈特尔海,4141.208,2845.045,20282,15690,Location,1
MapArea_HeburaMountains,海布拉山脉,-3079.067,-3024.682,5842,3951,Location,1
MapArea_HyliaLake,海利亚湖,-431.0963,2302.195,11138,14604,Location,7
MapArea_HyruleForest,海拉鲁大森林,363.8293,-2545.783,12728,4908,Location,1
MapArea_HyruleHill,海拉鲁丘陵,-2382.624,-407.0772,7235,9186,Location,1
MapArea_LanayruSea,拉聂尔海,4674.544,-196.7966,21349,9606,Location,1
MapArea_LanayruWaterSources,拉聂尔大水源,3697.889,261.7407,19396,10523,Location,1
MapArea_LanayruWetlands,拉聂尔湿地,1746.642,-115.9755,15493,9768,Location,1
MapArea_LiveMountain,拉聂尔山,3897.756,1418.147,19796,12836,Location,1
MapArea_TabantaFrontier,塔邦挞边境,-3475.292,-1178.815,5049,7642,Location,1
MapArea_TamulOutback,深远阿卡莱,3602.154,-3186.161,19204,3628,Location,1
MapArea_TamulPlateau,阿卡莱高原,3653.85,-2223.59,19308,5553,Location,1
MapArea_TamulSea,阿卡莱海,4811.544,-3428.552,21623,3143,Location,1
MapArea_WestHateru,西哈特尔,1297.487,1524.738,14595,13049,Location,1
MapRegion_Eldin,奥尔汀地区,2037.628,-1815.487,16075,6369,Location,1
MapRegion_Firone,费罗尼地区,969.3282,2825.316,13939,15651,Location,1
MapRegion_Gerudo,格鲁德地区,-4093.62,3341.348,3813,16683,Location,1
MapRegion_Hateru,哈特尔地区,2248.804,1675.709,16498,13351,Location,1
MapRegion_Hebura,海布拉地区,-3357.823,-2704.61,5284,4591,Location,1
MapRegion_HyrulePrairie,中央海拉鲁,-247.9775,-77.93417,11504,9844,Location,1
MapRegion_HyrulePrairie ,,-247.9775,-77.93417,11504,9844,Location,1
MapRegion_Lanayru,拉聂尔地区,3174.933,615.162,18350,11230,Location,1
MapRegion_Tamul,阿卡莱地区,3781.758,-2929.523,19564,4141,Location,1
MapTower01,,-2173.0,-2034.0,7654,5932,LocationMarker,1
MapTower02,,-3613.748,-990.1647,4773,8020,LocationMarker,1
MapTower03,,-3666.0,1828.6,4668,13657,LocationMarker,1
MapTower04,,-2306.836,2437.32,7386,14875,LocationMarker,1
MapTower05,,883.8843,-1605.71,13768,6789,LocationMarker,1
MapTower06,,-788.645,442.0306,10423,10884,LocationMarker,1
MapTower07,,-560.0352,1694.863,10880,13390,LocationMarker,1
MapTower08,,1016.777,1714.082,14034,13428,LocationMarker,1
MapTower09,,-31.81555,2961.601,11936,15923,LocationMarker,1
MapTower10,,2174.151,-1556.781,16348,6886,LocationMarker,1
MapTower11,,3308.0,-1500.1,18616,7000,LocationMarker,1
MapTower12,,2258.0,-109.0,16516,9782,LocationMarker,1
MapTower13,,2735.5,2133.5,17471,14267,LocationMarker,1
MapTower14,,1331.203,3273.723,14662,16547,LocationMarker,1
MapTower15,,-1755.3,-774.3,8489,8451,LocationMarker,1
MarittaHill,玛丽塔山丘,-1339.352,-1522.522,9321,6955,Location,2
MarittaPrairie,玛丽塔平原,-1678.374,-1721.54,8643,6557,Location,2
MaronSpring,马泷之泉,801.3752,3704.171,13603,17408,LocationPointer,1
MarritaExchange,玛丽塔交易所遗迹,-1805.0,-1625.0,8390,6750,LocationPointer,1
MasazuBridge,欧荷利桥,-614.23,-658.5574,10772,8683,LocationPointer,1
MasazuRock,碎石场遗迹,-726.1989,-413.942,10548,9172,Location,1
MedakaValley,乌尔拉峡谷,4202.735,-782.028,20405,8436,Location,1
MeganeRock,眼镜岩,-2222.083,2538.037,7556,15076,Location,1
MemeMt,雷兽山,3852.034,-567.6556,19704,8865,Location,1
MenadaBeach,阿莫西亚海岸,4603.312,1830.088,21207,13660,Location,1
MerkayaLowTrees,奥布巴巴草地,-1227.893,2725.529,9544,15451,Location,1
MezusuPass,卡尔加岭,-3580.874,-2363.096,4838,5274,Location,1
MiddleTrees,多尔米森林,3100.82,2163.635,18202,14327,Location,1
MihekoBay,玛林湾,4405.705,-1900.773,20811,6198,Location,1
MinakkareBridge,南阿卡莱桥,3686.563,-1003.559,19373,7993,LocationPointer,1
MinakkareBridgeEast,东南阿卡莱桥,3860.801,-1095.112,19722,7810,LocationPointer,1
MinakkareBridgeWest,西南阿卡莱桥,3591.372,-1020.183,19183,7960,LocationPointer,1
MinakkareFalls,南阿卡莱瀑布,3732.506,-1158.95,19465,7682,Location,1
MinakkareLake,南阿卡莱湖,3622.851,-1062.804,19246,7874,Location,1
MinakkarePlain,南阿卡莱平原,3275.57,-1323.438,18551,7353,Location,1
MinaminoBay,米诺米诺湾,3480.906,2879.94,18962,15760,Location,1
Mine,废弃的北部矿坑,1644.039,-2797.456,15288,4405,LocationMarker,1
MizemakuMt,沃尔纳特山,4170.002,1922.007,20340,13844,Location,1
MomoMt,天望山丘,-20.78066,1898.345,11958,13797,Location,1
MoriMt,乌尔利山,3612.613,-2093.094,19225,5814,Location,1
MoroLake,米考湖,3600.973,-571.3436,19202,8857,Location,1
MorudaMt,摩尔达巴山,-1391.485,3599.811,9217,17200,Location,1
MorugaMt,摩尔迦娜山,-1376.093,3361.435,9248,16723,Location,1
MuguriPlain,克罗切利平原,2133.169,1913.805,16266,13828,Location,1
NaganizaHill,腾图丘陵,2381.763,3400.41,16764,16801,Location,1
NagyuPlateau,塔尔塔尔台地,4147.114,-339.1458,20294,9322,Location,1
NaierunPeninsula,罗德拉姆半岛,4444.754,641.6023,20890,11283,Location,1
NanaimoPlain,拉明平原,-1218.669,-2025.639,9563,5949,Location,2
NangoPond,泽罗池塘,1646.413,-511.1064,15293,8978,Location,1
NantanCastle,南洛美城堡遗迹,-1795.0,3534.8,8410,17070,LocationPointer,1
NaruguPeninsula,卡艾德半岛,4663.077,2372.2,21326,14744,Location,1
NefraHill,奈弗拉高地,-2166.355,1509.352,7667,13019,Location,1
NezuppoTrees,奈兹坡树林,-339.3401,3567.093,11321,17134,Location,1
NiiLake,珊湖,-48.05897,3056.364,11904,16113,Location,1
NikakaIsland,蟹蟹岛,1542.168,-3073.989,15084,3852,Location,1
NishakkarePlain,卡纳莱特高原,3308.855,-1906.976,18618,6186,Location,1
NishojiBridge,古利奥桥,-1305.0,810.0,9390,11620,LocationPointer,1
NitariBeach,科尔奈海滩,2940.91,3656.191,17882,17312,Location,1
NomyPlain,齐纳嘉莱湿地带,-2131.809,-675.509,7736,8649,Location,2
NorthHatelHatago,湿地驿站,888.0616,173.6723,13776,10347,LocationMarker,1
NorthHugeStone,北格鲁德巨石,-3321.692,2247.354,5357,14495,Location,1
NutsLake,萨莉娅湖,64.06233,-1883.159,12128,6234,Location,1
Oasis,卡拉卡拉集市,-3237.716,2558.084,5525,15116,LocationMarker,5
OkuAkkarePlain,深远阿卡莱平原,3743.577,-3348.963,19487,3302,Location,2
OkuwaLake,谢拉湖,1627.921,1384.484,15256,12769,Location,2
OngiForest,苹果森林,552.6283,-288.8328,13105,9422,Location,1
OoosePlain,奥赛平原,-779.3099,3564.308,10441,17129,Location,2
OrdinBridge,奥尔汀桥,2210.354,-2349.674,16421,5301,LocationPointer,1
OrdinFossil,奥尔汀大化石,1547.486,-3697.467,15095,2605,LocationPointer,1
OrupaPlateau,澳尔帕台地,-2939.791,1207.231,6120,12414,Location,1
OsanjoBridge,芬萨桥,398.0248,-1167.635,12796,7665,LocationPointer,1
OshoromaLake,露朵湖,3171.152,-162.5068,18342,9675,Location,1
OtsukoWet,塔林湿地,3601.308,-1636.774,19203,6726,Location,1
PafaBeach,帕发海岸,231.5065,3897.292,12463,17795,Location,1
PaiyuBay,荷隆湾,4234.203,314.3643,20468,10629,Location,1
PakanchiIsland,纳克仑岛,4653.201,-815.5294,21306,8369,Location,1
PaparaPlateau,斯塔尔里台地,-1571.535,2714.918,8857,15430,Location,1
PearlWaste,帕鲁荒原,-3117.933,2981.83,5764,15964,Location,1
PeridoBarrier,贝立德关卡,-2042.257,3194.071,7915,16388,Location,1
PongagaMt,艾波尼山,3350.909,2531.152,18702,15062,Location,1
PoponMt,萨托利山,-2228.961,337.8244,7542,10676,Location,1
PostTownRuin,海拉鲁驿站村废墟,-246.6875,1675.391,11507,13351,LocationPointer,1
PowerFountain,力量之泉,3754.277,-2672.103,19509,4656,LocationPointer,1
PstaLake,米德沼泽,812.0146,-2353.949,13624,5292,Location,1
PukiroroMt,杜·邦山脉,2728.609,119.195,17457,10238,Location,1
PukuntoMt,无底沼泽,613.183,565.5311,13226,11131,Location,1
PupukoreFalls,塞拉瀑布,3082.758,-455.6181,18166,9089,Location,1
RaberaWet,拉贝拉湿地带,2419.998,2782.405,16840,15565,Location,1
RapikuruPlateau,加卜台地,3910.343,58.04811,19821,10116,Location,1
RapinyaPlateau,露朵台地,3408.837,-235.483,18818,9529,Location,1
RaruLake,克拉尔湖,2019.892,3215.872,16040,16432,Location,1
RashamaPlain,北海拉鲁平原,-1338.996,-783.9037,9322,8432,Location,2
RazezePlateau,拉聂尔台地,2798.955,917.7661,17598,11836,Location,1
RemainsElectric,神兽瓦·娜波力斯,-2111.126,2627.179,7778,15254,LocationMarker,2
RemainsFire,神兽瓦·鲁达尼亚,2537.273,-2615.646,17075,4769,LocationMarker,2
RemainsWater,神兽瓦·露塔,2971.083,233.3825,17942,10467,LocationMarker,2
RemainsWind,神兽瓦·梅德,-3620.0,-2110.0,4760,5780,LocationMarker,2
RiaroTrees,希克里森林,1951.004,2441.781,15902,14884,Location,1
RiberaForest,利贝拉树海,1885.236,3326.098,15770,16652,Location,1
RibuchaPlateau,阿尔达台地,-735.7194,-2079.798,10529,5840,Location,1
Rikona_Peninshra,利科纳半岛,1605.518,679.8781,15211,11360,Location,1
RinosPass,利诺斯岭,-3793.153,-2236.129,4414,5528,Location,1
RirikendoBridge,欧兰桥,2875.5,32.5,17751,10065,LocationPointer,1
RirimukuHighlands,沃尔纳高地,-344.3807,-3120.998,11311,3758,Location,1
RirimukuMt,沃尔纳山,-561.4199,-2635.115,10877,4730,Location,5
RiritotoLake,利利特特湖,-3607.676,-1941.101,4785,6118,Location,3
RishakutoPlateau,纳利夏高地,1849.912,1243.904,15700,12488,Location,1
Rito,,-3618.109,-1807.609,4764,6385,LocationMarker,4
RitoHatago,利特驿站,-3255.571,-1757.625,5489,6485,LocationMarker,1
RiverSideHatago,河畔驿站,339.2324,1095.297,12678,12191,LocationMarker,1
RodaiLake,罗达伊湖,1864.004,3129.849,15728,16260,Location,1
RogyLake,贾拉湖,2967.446,2223.7,17935,14447,Location,1
RokomakuMt,玛德罗纳山,3821.569,1688.986,19643,13378,Location,1
RonronCity,麦贝镇遗迹,-57.5,174.5,11885,10349,LocationPointer,1
RonronFarm,平原牧场遗迹,109.8676,272.1871,12220,10544,Location,1
RonronRiver,海利亚河,125.7936,1755.183,12252,13510,Location,5
RoshiganLake,南纳比湖,870.3967,1604.001,13741,13208,Location,1
RosomaLake,托托湖,3479.49,-884.0862,18959,8232,Location,1
RuberaHill,马克雅林高地,-3392.41,609.5185,5215,11219,Location,1
RutesLake,路特斯湖,1685.59,3089.038,15371,16178,Location,1
RutimaHill,鲁奇玛高地,-4527.025,1417.045,2946,12834,Location,1
RutsuPlain,路茨平原,-3805.889,-481.1168,4388,9038,Location,2
SaiMt,古斯塔夫山,-915.3127,-210.8579,10169,9578,Location,1
SaihokuCastle,北洛美城堡遗迹,-825.1,-3411.8,10350,3176,LocationPointer,1
SanaePlateau,包美尔高地,429.7239,1760.073,12859,13520,Location,1
SanrosaLake,鲁皮湖,1201.699,-1144.251,14403,7711,Location,1
SaohPoint,三叉山道,2687.7,-764.1218,17375,8472,Location,1
SaphiasPlateau,萨菲亚斯台地,-3169.781,1574.213,5660,13148,Location,1
SarjonBridge,撒戎桥,1025.632,3236.288,14051,16473,LocationPointer,1
SarjonForest,撒戎树海,1131.631,3279.099,14263,16558,Location,1
SasamuroBeach,克拉里海滩,2585.381,3897.38,17171,17795,Location,2
ShariverMt,夏利巴山,-3171.543,-2682.159,5657,4636,Location,1
ShichijoBridge,荷奈尔桥,680.9535,977.3984,13362,11955,LocationPointer,1
ShigonDam,拉聂尔神道中央广场,2709.452,1163.671,17419,12327,LocationPointer,1
ShijoBridge,马兹拉桥,530.5215,-494.1346,13061,9012,LocationPointer,1
ShikuriIslands,文特岛,4521.309,1005.95,21043,12012,Location,1
ShimukaPlateau,布莱德台地,2700.251,1570.958,17401,13142,Location,1
ShinikkyoForest,巨人森林,-1184.64,114.0016,9631,10228,Location,1
ShinyarkiPlateau,劳鲁丘陵,497.7478,-1537.654,12995,6925,Location,1
ShinyarkiVillage,劳鲁村落遗迹,704.0,-1256.5,13408,7487,LocationPointer,1
ShitanoPond,塔尔荷池塘,3266.479,2226.705,18533,14453,Location,1
SnowStatue,第八位英雄的雕像,-4355.099,499.0203,3290,10998,LocationPointer,1
SojijiHill,萨尔法山丘,-1756.458,856.5569,8487,11713,Location,1
SojijiPark,撒丁公园遗迹,-1629.727,688.0231,8741,11376,LocationPointer,1
SonoPrairie,贝莱平原,1392.167,-914.9767,14784,8170,Location,1
SoridaPeninsula,奇克伦岛,4705.739,-1374.005,21411,7252,Location,1
SotonkaBridge,泰斯塔桥,-1605.0,1040.0,8790,12080,LocationPointer,1
SouthGerudoLegacy,刑场遗迹,-4150.888,3817.601,3698,17635,LocationPointer,1
SouthGerudoRuins,南部绿洲,-3727.03,3616.272,4546,17233,Location,1
SouthMine,南部采矿场,1657.886,-1973.852,15316,6052,LocationMarker,1
StartPoint,复苏神庙,-1102.233,1880.131,9796,13760,LocationMarker,1
StonePillers,古代石柱群,-3573.11,-431.6988,4854,9137,LocationPointer,1
SugrantForest,思古兰特树海,734.5349,3094.897,13469,16190,Location,1
SusonoLake,卢驰尔湖,-2531.646,633.1318,6937,11266,Location,1
SusonoPlain,伊露美娜台地,-3105.983,14.73462,5788,10029,Location,1
SusonoPond,伊露美娜池塘,-3536.961,149.4604,4926,10299,Location,1
SusonoRiver,泰阿蒙河,-2350.726,84.72538,7299,10169,Location,3
SusukadiBridge,达尔布尔桥,2344.5,-248.0,16689,9504,LocationPointer,1
SwanLake,海布拉河,-2756.67,-2328.21,6487,5344,Location,2
TabantaBridge,塔邦挞大桥,-3116.124,-581.2729,5768,8837,LocationPointer,1
TabantaBridgeHatago,塔邦挞大桥驿站,-2931.568,-547.598,6137,8905,LocationMarker,1
TabantaCrater,吉萨的环形山,-3931.324,-1089.512,4137,7821,LocationPointer,1
TabantaHatago,雪原驿站,-1654.883,-2572.156,8690,4856,LocationMarker,1
TabantaHill,塔邦挞山丘,-2464.514,-1843.002,7071,6314,Location,1
TabantaSnow,,-1811.892,-2792.608,8376,4415,Location,1
TabantaSnow_North,北塔邦挞雪原,-1701.83,-3290.757,8596,3418,Location,2
TabantaSnow_South,南塔邦挞雪原,-1849.059,-2494.106,8302,5012,Location,4
TabantaVillage,塔邦挞村遗迹,-2319.5,-1918.0,7361,6164,LocationPointer,1
TafeaHill,塔菲亚高地,-2807.471,1819.189,6385,13638,Location,1
TagonaTrees,塔巴尔森林,2572.545,-176.8188,17145,9646,Location,1
TakkikaPlain,尼凯尔平原,-1608.429,438.749,8783,10877,Location,2
TamaLake,塔玛湖,-2963.511,-1897.98,6073,6204,Location,1
TamourHatago,东阿卡莱驿站,4227.82,-2747.769,20456,4504,LocationMarker,1
TamourHatago2,,3149.832,-1692.647,18300,6615,LocationMarker,1
TamulPlain,奥尔龙盆地,3654.479,-2525.242,19309,4950,Location,1
TargarPlain,布兰努山丘,3927.257,382.1233,19855,10764,Location,1
TaruhoPlateau,火萤台地,2949.42,2380.303,17899,14761,Location,1
TaserakaBridge,密斯密桥,1285.5,-691.5,14571,8617,LocationPointer,1
TatsubaLake,莫尔赛湖,562.9833,1233.838,13126,12468,Location,1
Taura,沃托里村,2944.614,3437.031,17889,16874,LocationMarker,3
TeguriPlain,泰格利平原,-754.0406,2916.179,10492,15832,Location,1
TehotaWet,泰荷塔湿地,-629.7709,3839.289,10740,17679,Location,1
TennoMt,瓦舒阿山丘,-2731.795,87.18301,6536,10174,Location,1
TeraPlain,麦贝草原,258.7013,-45.52473,12517,9909,Location,1
TerumeMt,泰尔美山,2483.598,2676.389,16967,15353,Location,1
TerumePass,泰尔美岭,2713.694,2853.93,17427,15708,Location,1
TimesShrine,时光之神殿遗迹,-818.75,2005.45,10362,14011,LocationPointer,1
TohikiLake,托西奇池塘,2397.307,2533.541,16795,15067,Location,1
TomiyoPlateau,洛塔托台地,3089.409,830.2271,18179,11660,Location,1
TompoPlain,罗玛尼平原,338.4846,-358.1859,12677,9284,Location,1
ToriaBridge,波奇桥,278.3575,-714.2518,12557,8571,LocationPointer,1
TorumaDesert,卢玛琳沙丘,-4762.801,2731.0,2474,15462,Location,1
TotenLake,拉纳湖,2463.219,2099.361,16926,14199,Location,1
TotsugeBridge,卡洛克桥,-1087.787,-474.6085,9824,9051,LocationPointer,1
TrakaIsland,,1745.886,90.73376,15492,10181,Location,1
TrakaIsland_Big,迈尔卡岛,1712.681,-131.019,15425,9738,Location,1
TrakaIsland_Center,科彭嘉岛,1552.84,338.8682,15106,10678,Location,1
TrakaIsland_East,米奥乌岛,2024.59,145.8313,16049,10292,Location,1
TrakaIsland_New,摩尔德岛,1843.094,206.6926,15686,10413,Location,1
TrakaIsland_North,神庙岛,1661.437,430.6453,15323,10861,Location,1
TrakaIsland_Small,波浓岛,1775.585,376.5699,15551,10753,Location,1
TrakaIsland_South,萨乌兹岛,1451.774,169.6124,14904,10339,Location,1
TrakaIsland_West,维斯岛,1393.825,300.2272,14788,10600,Location,1
TryCape,尝试海角,3757.118,-412.1483,19514,9176,Location,1
TsukaiePlateau,茨卡耶台地,2855.961,2616.398,17712,15233,Location,1
TuaboSnow,查波雪原,-3473.622,1127.519,5053,12255,Location,1
TunbriPlain,勇萨米平原,2270.273,2942.125,16541,15884,Location,1
TurasuBridge,马神桥,590.0818,3739.167,13180,17478,LocationPointer,1
TurasuLake,马神湖,635.1907,3635.114,13270,17270,Location,1
TutukikiSnow,茨茨齐齐雪原,-2285.844,-3161.549,7428,3677,Location,2
TwinsMountain,双子山,1358.102,1781.719,14716,13563,Location,2
UMiiVillage,一始村,3964.896,-1615.017,19930,6770,LocationMarker,1
UMiiVillageShopBougu,,3958.929,-1636.299,19918,6727,LocationMarker,1
UMiiVillageShopJewel,,3951.271,-1627.053,19903,6746,LocationMarker,1
UMiiVillageShopYadoya,,3999.579,-1595.968,19999,6808,LocationMarker,1
UMiiVillageShopYorozu,,3951.197,-1593.14,19902,6814,LocationMarker,1
UbotsuPlateau,乌波茨台地,1608.704,3629.548,15217,17259,Location,1
UchoPlateau,梅布尔高原,1336.589,1424.199,14673,12848,Location,1
UkkoPond,乌克池塘,-4099.687,-2370.279,3801,5259,Location,3
UraitoLake,乌拉伊特湖,1789.1,2942.552,15578,15885,Location,1
UrokoCape,乌洛克海角,3544.813,3261.271,19090,16523,Location,1
VPlateau,基尔克台地,-2616.182,1556.137,6768,13112,Location,1
ValleyVillage,飞行训练场,-3851.939,-2288.806,4296,5422,LocationMarker,1
WabiLake,阿卡莱湖,3924.29,-1496.903,19849,7006,Location,3
WatakaPlateau,阔塔台地,2157.723,557.7363,16315,11115,Location,1
WeaponCureSpring,大精灵之泉,1976.154,845.9974,15952,11692,LocationPointer,1
WeaponCureSpring_02,,4111.814,-1378.358,20224,7243,LocationPointer,1
WeaponCureSpring_03,,-3539.7,-747.2849,4921,8505,LocationPointer,1
WeaponCureSpring_04,,-4870.5,3824.5,2259,17649,LocationPointer,1
WestEunpoHighlands,西埃文坡高地,16.80026,-3454.644,12034,3091,Location,1
WestGerudo,西格鲁德,-4541.142,2502.274,2918,15005,Location,1
WestGerudoRuins,西格鲁德遗迹,-4468.558,2296.87,3063,14594,Location,1
WetGarrison,湿地的驻军地遗迹,1520.264,-169.8456,15041,9660,LocationPointer,1
WhiteZora,卓拉领地,3271.865,-401.4883,18544,9197,LocationMarker,3
WisdomFountain,,3945.599,1343.225,19891,12686,LocationPointer,1
XehaPlateau,卓拉台地,3137.308,-876.8649,18275,8246,Location,1
XekuBridge,德谷多吊桥,-1665.0,1542.0,8670,13084,LocationPointer,1
YamabiLake,亚玛比湖,2475.18,3583.516,16950,17167,Location,1
YamariRiver,诺凯河,917.0587,1784.092,13834,13568,Location,4
YarimoRiver,米奇奇河,1486.099,-2549.578,14972,4901,Location,1
YashinoBeach,雅西诺海滩,3496.54,3459.753,18993,16920,Location,1
YashinoLegacy,雅西诺遗迹,3446.99,3339.0,18894,16678,LocationPointer,1
YuaSnow,聂尔龙雪原,3512.131,1438.446,19024,12877,Location,1
ZamaPlain,塞莱斯平原,-2323.899,-449.8285,7352,9100,Location,1
ZaridoLake,达鲁马湖,2145.324,-3128.764,16291,3742,Location,2
ZaridoPlateau,奥尔汀台地,2292.724,-3678.547,16585,2643,Location,1
ZifForest,时光森林,-367.9718,1525.365,11264,13051,Location,1
ZitoGreens,鸟鸣草原,-596.4113,204.7938,10807,10410,Location,1
ZonauLegacy,左纳乌遗迹群,842.5221,2965.018,13685,15930,LocationPointer,1
ZoraBridge,卓拉大桥,3233.183,-314.3022,18466,9371,Location,1
