label,simplified_chinese
AagetoMt,阿盖特山
AdeyaLake,阿迪亚湖
AdeyaVillage,阿德亚村遗迹
AgePlateau,亚哲台地
AgunaiLake,达鲁尼亚湖
AkazaMt,拉聂尔群山
AkkareBigBridge,阿卡莱大桥
AkkareBridge,阿卡莱大桥
AkkareGarrison,阿卡莱练兵场遗迹
AkkareZhai,阿卡莱堡垒遗迹
AkkareZhaiBridge,阿卡莱堡垒联络桥遗迹
AmimePlateau,阿米麦台地
AmonenePlateau,拉尔斯池塘
AnbonBeach,玛萨海湾
AnchoBeach,托隆波海滩
AncientLabo,阿卡莱古代研究所
AnoleLake,马尔鼓池塘
AnoleTunnel,马尔鼓坑道
ArafuraPlain,阿拉弗拉平原
AraisoBeach,阿拉伊索海岸
Assassin,依盖队基地
AzimetosPlateau,托斯迈吉亚台地
BachimakuMt,独杉群山
BaconCliff,托洛鼓悬崖
BameHill,巴美山丘
BanmezaLake,邦迈扎湖
BantaValley,终焉之谷
BarakkiPlain,达拉伊特森林
BarumePlain,巴尔麦平原
BigBrotherBridge,双子哥哥桥
BigTree,腐朽的千年古树
BigalLake,中鼓湖
BiginaTrees,基纳比森林
BiridinHill,比利丁高地
BironSnow,比隆雪原
BituoValley,比托谷
BlindForest,德依布朗遗迹
BlizzarValley,暴风谷
BokoboLake,盖洛湖
BonrasForest,本拉斯树海
BoraraCape,塔姆海角
BottuBay,斯普尔湾
BraveFountain,勇气之泉
BrosRock,兄弟岩
BrostarPlain,萨玛莎平原
BuhaIslands,贝弗岛
BuibuiTrees,布冰嘉森林
BuichadaPlateau,秋叶台地
BuidaLake,布伊达湖
BumiPlain,风标草原
BuramuPlateau,泡泡拉高地
CastleTownMark,海拉鲁城邑遗迹
CelebrationPark,祭奠场遗迹
CentralExchange,交易所遗迹
ChagaraMt,恰加拉海滨
ChirakaVillage,科彭嘉村遗迹
ChuonoPond,凯亚池塘
Cohorint,塞哈特诺岛
Cokiri,克洛格森林
Corosseo,竞技场遗迹
CresiaPeninsula,克莱西亚半岛
DamzelForest,达姆泽尔树海
DanioPlain,乌克克平原
DarinoPond,卡伊更池塘
DasukidaMt,达斯齐达山
DasukidaPlateau,达斯齐达高原
DatsuPlain,特托拉平原
DeathCaldera,死亡破火山口
DeathMountainHatago,山麓驿站
DeathMountain_Entrance,死亡之山登山口
DekamuPlain,马布尔德平原
DodoraBridge,拉鲁特大桥
DokamamaPlain,撒哈斯拉平原
DokuroPond,骷髅池塘
DonLake,露露湖
DotiBeach,林芭海滩
DragonMarsh,龙骨沼泽
DragonsFar,龙之流放地
Dungeon000,塔·姆尔神庙
Dungeon001,吉诺·耀神庙
Dungeon002,萨·达究神庙
Dungeon003,哈瓦·卡伊神庙
Dungeon004,基瓦·扎塔斯神庙
Dungeon005,奈兹·耀玛神庙
Dungeon006,亚奥·玛耀神庙
Dungeon007,瓦希·辽科神庙
Dungeon008,沃力达·诺神庙
Dungeon009,瓦·摩达伊神庙
Dungeon010,克·诺伊神庙
Dungeon011,蒙亚·托玛神庙
Dungeon012,乌塔·多神庙
Dungeon013,卡茨·托萨神庙
Dungeon014,卡姆·尤奥神庙
Dungeon015,托托·伊萨神庙
Dungeon016,鲁克·玛神庙
Dungeon017,希贝·尼罗神庙
Dungeon018,拉·库阿神庙
Dungeon019,达乌·纳艾神庙
Dungeon020,希·达哥兹神庙
Dungeon021,托·雅萨神庙
Dungeon022,基耀·乌神庙
Dungeon023,协莫·拉塔神庙
Dungeon024,米兹·耀神庙
Dungeon025,克哈·拉玛神庙
Dungeon026,希摩·依托塞神庙
Dungeon027,鲁耀·塔乌神庙
Dungeon028,晓拉·哈神庙
Dungeon029,席罗·席拉神庙
Dungeon030,究尼·希神庙
Dungeon031,摩阿·基希托神庙
Dungeon032,达科·塔瓦神庙
Dungeon033,达塔·库斯神庙
Dungeon034,玛·卡亚神庙
Dungeon035,阿科·瓦塔神庙
Dungeon036,希·基托神庙
Dungeon037,夏奥·耀神庙
Dungeon038,玛·奥努神庙
Dungeon039,米亚马·迦纳神庙
Dungeon040,亚卡·玛塔神庙
Dungeon041,加·巴希夫神庙
Dungeon042,利·摩纳神庙
Dungeon043,库伊·塔卡神庙
Dungeon044,希贝·尼亚斯神庙
Dungeon045,哈尤·达玛神庙
Dungeon046,夏达·阿达神庙
Dungeon047,利·达席神庙
Dungeon048,吉兹·卡夫伊神庙
Dungeon049,卡亚·米瓦神庙
Dungeon050,塞伊·乌托神庙
Dungeon051,卡玛·拉席神庙
Dungeon052,诺基·米席神庙
Dungeon053,夏·塔瓦神庙
Dungeon054,卡奥·玛卡神庙
Dungeon055,多恩巴·塔神庙
Dungeon056,米罗·茨席神庙
Dungeon057,瓦哥·卡塔神庙
Dungeon058,摩·拉塔尼阿神庙
Dungeon059,卡·奥裘神庙
Dungeon060,古科·齐塞神庙
Dungeon061,晓达·萨神庙
Dungeon062,夏·格玛神庙
Dungeon063,基玛·兹斯神庙
Dungeon064,达卡·卡神庙
Dungeon065,图米·恩科神庙
Dungeon066,卡·姆神庙
Dungeon067,丘·拉姆席神庙
Dungeon068,亚·纳迦神庙
Dungeon069,伊奥·索奥神庙
Dungeon070,萨奥·科席神庙
Dungeon071,普玛·尼特神庙
Dungeon072,达·卡索神庙
Dungeon073,卡塔·丘基神庙
Dungeon074,尼阿·奈阿神庙
Dungeon075,达席·希诺神庙
Dungeon076,萨萨·卡伊神庙
Dungeon077,科尼·希卡神庙
Dungeon078,米达·罗基神庙
Dungeon079,纳米卡·奥兹神庙
Dungeon080,希·塔塔恩科神庙
Dungeon081,姆奥·吉姆神庙
Dungeon082,洽斯·科塔神庙
Dungeon083,提纳·裘扎神庙
Dungeon084,茨茨阿·尼玛神庙
Dungeon085,基玛·科萨萨神庙
Dungeon086,迦奥玛·阿萨神庙
Dungeon087,妙斯·希诺神庙
Dungeon088,席亚·米乌神庙
Dungeon089,萨斯·科萨神庙
Dungeon090,斯玛·萨玛神庙
Dungeon091,古·阿齐托神庙
Dungeon092,玛·诺拉神庙
Dungeon093,拉丘·乌罗神庙
Dungeon094,托·卡尤神庙
Dungeon095,库恩·希达吉神庙
Dungeon096,丘卡·纳塔神庙
Dungeon097,库古·齐德神庙
Dungeon098,达·乔卡席神庙
Dungeon099,塔罗·尼席神庙
Dungeon100,基哈·乌神庙
Dungeon101,达·基基神庙
Dungeon102,兹纳·卡伊神庙
Dungeon103,迪拉·玛神庙
Dungeon104,拉诺·库席神庙
Dungeon105,图·卡罗神庙
Dungeon106,玛姆·拉诺神庙
Dungeon107,密·苏神庙
Dungeon108,基托·瓦瓦伊神庙
Dungeon109,利塔·兹摩神庙
Dungeon110,裘希·奥神庙
Dungeon111,塔瓦·吉努神庙
Dungeon112,拉纳·罗基神庙
Dungeon113,希·库乔夫神庙
Dungeon114,希·尤塔神庙
Dungeon115,罗纳·卡塔神庙
Dungeon116,卡扎·托基神庙
Dungeon117,吉塔·萨米神庙
Dungeon118,托·库摩神庙
Dungeon119,塔诺·阿神庙
EagleBridge,莫里桥
EastDam,东部的蓄水湖
EastEunpoHighlands,东埃文坡高地
EastGerudoPlateau,东格鲁德高地
EastGerudoRuins,东格鲁德遗迹
EastPostTownRuin,东部的驿站村废墟
EastShrine,东部神殿遗迹
ElegLake,纳比湖
EnRiver,爱恩河
EquePlateau,安吉尔台地
ErumedaPlateau,艾美拉尔台地
Execution,监狱遗迹
ExpaTrees,艾奇斯帕森林
EzzuBridge,伊格尔斯桥
FairyForest,精灵森林
FaronHatago000,双子驿站
FaronHatago001,湖畔驿站
FaronHatago002,高原驿站
FenaMt,娜波露山
FeoreRiver,玛科莱湖
FinrasForest,芬拉斯树海
FironeForestEntrance,费罗尼树海入口
FlamingoSpa,明弗拉的秘泉
FlogPond,青蛙池塘
FloriaBridge,花柔莉亚桥
FloriaFalls,花柔莉亚大瀑布
FloriaRiver,花柔莉亚河
FlowerSandbank,花之中州
ForestHatago,森林驿站
FrontGatePosttown,门前驿站村遗迹
FuruboLake,幽芬湖
GakanakkyoPlain,西海拉鲁平原
GameBalling,彭多的小屋
GameBitalockGolf,库库甲谷球场
GameGutsCriff,毅力崖
GameMarathon,马拉松报名处
GameShiledSurf,丝莱米的小屋
GameYabusame,骑射演武报名处
GameZarashiRace,沙海象拉力赛报名处
GamettaPlateau,卡琳高原
GaneLake,洁净池塘
GarakishiPass,夏特岭
GarakishiVillage,夏特村落遗迹
GasemaDam,茹特拉大坝
GasemaRiver,茹特拉河
GashamaHill,更格尔山丘
GashamahiMt,更格尔山
GatakaraGarrison,科摩罗驻军地遗迹
GatakaraPond,科摩罗池塘
GatinLake,密兹达湖
GenLake,丘萨茨湖
GeraRiver,默米河
GerudoCanyon,格鲁德峡谷
GerudoCanyon_Entrance,格鲁德峡谷入口
GerudoDesert_Entrance,格鲁德沙漠入口
GerudoFossil,格鲁德大化石
GerudoHatago,格鲁德峡谷驿站
GerudoSummit,格鲁德山顶
GiankonIsland,玛科莱岛
GibogaHill,八爪怪森林
GibururuMt,露朵山
GigiLake,波奈湖
GiminoPond,乌尔希池塘
GimpoMt,花柔莉亚山
GisaHill,吉萨山丘
GishiHill,吉希山丘
GoanaValley,葛亚娜峡谷
GobyMt,卡尔山
GoinaPlateau,皮埃尔高地
GoronBridge,鼓隆桥
GoronSpa,鼓隆温泉
GoyoLake,红叶湖
GumaroValley,乌奥谷
GutinizaPlain,古奇尼扎平原
GutinizaPlainTomb,古奇尼扎平原古墓群
GyunaIsland,阿克伦岛
HachijoBridge,阿乌尔桥
HagoromoFalls,哈格罗莫瀑布
HagoromoLake,哈格罗莫湖
HamiyonPlain,奥布力平原
HarayaLake,哈拉亚池塘
HashibiroLake,哈希毕罗湖
HatenoBay,奇塔诺湾
HatenoBeach,哈特诺海滩
HatenoGate,哈特诺堡垒
HatenoLabo,哈特诺古代研究所
HatenokoIsland,哈特诺小岛
HawkMt,库荷山
HeburaEastSummit,海布拉山东岳
HeburaFossil,海布拉大化石
HeburaIcicle,冰冻山麓
HeburaLodge,海布拉山脉登山口小屋
HeburaMt_North,海布拉北峰
HeburaNorthSummit,海布拉山北岳
HeburaPeak,海布拉山山顶
HeburaSouthSummit,海布拉山南岳
HeburaTundera,海布拉冻原
HeburaWestSummit,海布拉山西岳
HemaHill,海马高地
HesonaiValley,亚娜谷
HigakkareBeach,东阿卡莱海岸
HigakkarePlain,东阿卡莱平原
HigashinoBay,奥克诺湾
HimeidaMt,席美达山
HopeBridge,许愿河畔
HopesPlateau,初始台地
HyliaMt,海利亚山
HyliaRiver,黄泉河
HyralBridge,海利亚大桥
HyralIslands,海利亚岛
HyruleCastle_Hall_0,主殿
HyruleCastle_Hall_1,二殿
HyruleCastle_Hall_2,三殿
HyruleCastle_Room_0,观察室
HyruleCastle_Room_10,东坑道
HyruleCastle_Room_11,西坑道
HyruleCastle_Room_2,训练所
HyruleCastle_Room_3,图书馆
HyruleCastle_Room_5,牢房
HyruleCastle_Room_6,塞尔达的房间
HyruleCastle_Room_7,船坞
HyruleCastle_Room_8,塞尔达的研究室
HyruleCastle_Room_9,国王的书房
HyruleCentralPlace,中央广场遗迹
HyruleDepthHatago,平原外围的驿站
HyruleEastTown,东海拉鲁城邑遗迹
HyruleGarrison,海拉鲁驻军地遗迹
HyruleGround,海拉鲁大地
HyruleLabo,王室古代研究所遗迹
HyrulePark,海拉鲁森林公园遗迹
HyrulePlace,海拉鲁军事演习场遗迹
HyruleTemple,海拉鲁大圣堂遗迹
HyruleTower,城邑监视塔遗迹
HyruleWater,蓄水池遗迹
HyruleWestHatago,玛丽塔驿站
HyruleWestTown,西海拉鲁城邑遗迹
Hyrule_Out,海拉鲁城堡护城河
IbaraPlateau,伊巴拉高地
IceHouse,北部冰屋
IkokoPlateau,托洛伊瓦高原
ImeruMt,艾尔姆丘陵
IooValley,贝莱谷
IrimoLake,鼓大湖
IrimoRiver,鼓大河
IsakiCape,伊萨奇海角
IsakuIslands,千之中州
JedaPlateau,梅竹台地
JijigegeMt,洛兹伍德山
JiuRiver,卓拉河
JogoBridge,莱波纳桥
JokuBridge,莫约里桥
KagossaMt,卡格萨群山
KaiyanPlain,阿拉布平原
KakamoLake,特洽湖
KakaomePlain,巴奇平原
Kakariko,卡卡利科村
KakufusaPlain,草笛山丘
KamasuPlateau,卡玛斯台地
KamutariPlateau,法兰台地
KapporeMt,卡坡莱山
KarimikiLake,库斯湖
KarusaValley,卡尔萨谷
KasuraMt,卡斯拉山
KattoriPlateau,费罗龙台地
KaturaCastle,贤者之神殿遗迹
KaturaRiver,希麦加米河
KauLake,海布拉湖
KazanaDungeon,卡扎那裂谷
KazuryuLake,卡兹溜湖
KazuryuRiver,卡兹溜河
KazusuPass,凯坡拉岭
KibakkaSnow,海布拉水源
KibinaLake,奇比纳湖
KihirePlain,奇希莱平原
KikinosaMt,拉布拉山
KikinosaPlain,拉布拉山丘
KimarikaMt,觉醒山
KimarikaPlateau,卡伊更高地
KingValley,忘却神殿
KingfisherSpa,泽卡瓦米的秘泉
KinmePlateau,柯荷利特台地
KinshoiMt,达夫奈斯山
KirisasaPlateau,拉聂尔高地
KiriyabuMt,波努鲁山地
KitakkareBeach,北阿卡莱海岸
KitakkarePlain,北阿卡莱平原
KitakkarePlateau,北阿卡莱高地
KitanoBay,哈特诺湾
KiyanbaTrees,齐洛利森林
KochuBridge,卡卡利科桥
KoganeyaLake,科嘉奈亚池塘
KokuppiSnow,柯库皮雪原
KokuwaLake,塔莫沼泽
KomoreBeach,科莫莱海滩
KondanaLake,达鲁波池塘
KoshaIsland,戴比岛
KuhanLake,库罕池塘
KukujaValley,库库甲谷
KumPlateau,库姆之地
KumSpa,库姆的秘泉
KunaiBridge,亚阔桥
KunaiLake,亚阔湖
KurindaPrairie,卡萨伊美平原
KurisobeSnow,贝利尔雪原
KuroidaPlateau,克洛伊达高地
KutenLake,库坦池塘
KutiffMt,罗姆山
LakeFloria,花柔莉亚湖
LakeHylia,海利亚湖
LanayruBay,拉聂尔湾
LanayruEastEntrance,拉聂尔神道东口
LanayruWestEntrance,拉聂尔神道西口
LaveBeach,拉贝岩礁
LeMarbeBridge,杰德桥
LightningPlateau,雷之台地
LittleBrotherBridge,双子弟弟桥
LocationDungeon,古代神庙
LomeiIslands,洛美岛
LostForest,迷失的森林
MacusePeninsula,马秋兹半岛
MakuminoValley,玛克米诺谷
ManbaLake,鼓洛斯湖
MapArea_CentralHyrule,海拉鲁平原
MapArea_DeathMountain,死亡之山
MapArea_EastHateru,东哈特尔
MapArea_EldinCanyon,奥尔汀峡谷
MapArea_EldinMountains,奥尔汀山脉
MapArea_FironeGrassland,费罗尼草原
MapArea_FironeSea,费罗尼海
MapArea_GerudoDesert,格鲁德沙漠
MapArea_GerudoHighlands,格鲁德高地
MapArea_HateruSea,哈特尔海
MapArea_HeburaMountains,海布拉山脉
MapArea_HyliaLake,海利亚湖
MapArea_HyruleForest,海拉鲁大森林
MapArea_HyruleHill,海拉鲁丘陵
MapArea_LanayruSea,拉聂尔海
MapArea_LanayruWaterSources,拉聂尔大水源
MapArea_LanayruWetlands,拉聂尔湿地
MapArea_LiveMountain,拉聂尔山
MapArea_TabantaFrontier,塔邦挞边境
MapArea_TamulOutback,深远阿卡莱
MapArea_TamulPlateau,阿卡莱高原
MapArea_TamulSea,阿卡莱海
MapArea_WestHateru,西哈特尔
MapRegion_Eldin,奥尔汀地区
MapRegion_Firone,费罗尼地区
MapRegion_Gerudo,格鲁德地区
MapRegion_Hateru,哈特尔地区
MapRegion_Hebura,海布拉地区
MapRegion_HyrulePrairie ,中央海拉鲁
MapRegion_Lanayru,拉聂尔地区
MapRegion_Tamul,阿卡莱地区
MarittaHill,玛丽塔山丘
MarittaPrairie,玛丽塔平原
MaronSpring,马泷之泉
MarritaExchange,玛丽塔交易所遗迹
MasazuBridge,欧荷利桥
MasazuRock,碎石场遗迹
MedakaValley,乌尔拉峡谷
MeganeRock,眼镜岩
MemeMt,雷兽山
MenadaBeach,阿莫西亚海岸
MerkayaLowTrees,奥布巴巴草地
MezusuPass,卡尔加岭
MiddleTrees,多尔米森林
MihekoBay,玛林湾
MinakkareBridge,南阿卡莱桥
MinakkareBridgeEast,东南阿卡莱桥
MinakkareBridgeWest,西南阿卡莱桥
MinakkareFalls,南阿卡莱瀑布
MinakkareLake,南阿卡莱湖
MinakkarePlain,南阿卡莱平原
MinaminoBay,米诺米诺湾
Mine,废弃的北部矿坑
MizemakuMt,沃尔纳特山
MomoMt,天望山丘
MoriMt,乌尔利山
MoroLake,米考湖
MorudaMt,摩尔达巴山
MorugaMt,摩尔迦娜山
MuguriPlain,克罗切利平原
NaganizaHill,腾图丘陵
NagyuPlateau,塔尔塔尔台地
NaierunPeninsula,罗德拉姆半岛
NanaimoPlain,拉明平原
NangoPond,泽罗池塘
NantanCastle,南洛美城堡遗迹
NaruguPeninsula,卡艾德半岛
NefraHill,奈弗拉高地
NezuppoTrees,奈兹坡树林
NiiLake,珊湖
NikakaIsland,蟹蟹岛
NishakkarePlain,卡纳莱特高原
NishojiBridge,古利奥桥
NitariBeach,科尔奈海滩
NomyPlain,齐纳嘉莱湿地带
NorthHatelHatago,湿地驿站
NorthHugeStone,北格鲁德巨石
NutsLake,萨莉娅湖
Oasis,卡拉卡拉集市
OkuAkkarePlain,深远阿卡莱平原
OkuwaLake,谢拉湖
OngiForest,苹果森林
OoosePlain,奥赛平原
OrdinBridge,奥尔汀桥
OrdinFossil,奥尔汀大化石
OrupaPlateau,澳尔帕台地
OsanjoBridge,芬萨桥
OshoromaLake,露朵湖
OtsukoWet,塔林湿地
PafaBeach,帕发海岸
PaiyuBay,荷隆湾
PakanchiIsland,纳克仑岛
PaparaPlateau,斯塔尔里台地
PearlWaste,帕鲁荒原
PeridoBarrier,贝立德关卡
PongagaMt,艾波尼山
PoponMt,萨托利山
PostTownRuin,海拉鲁驿站村废墟
PowerFountain,力量之泉
PstaLake,米德沼泽
PukiroroMt,杜·邦山脉
PukuntoMt,无底沼泽
PupukoreFalls,塞拉瀑布
Quilton,怪物商店
RaberaWet,拉贝拉湿地带
RapikuruPlateau,加卜台地
RapinyaPlateau,露朵台地
RaruLake,克拉尔湖
RashamaPlain,北海拉鲁平原
RazezePlateau,拉聂尔台地
RemainsElectric,神兽瓦·娜波力斯
RemainsFire,神兽瓦·鲁达尼亚
RemainsWater,神兽瓦·露塔
RemainsWind,神兽瓦·梅德
RiaroTrees,希克里森林
RiberaForest,利贝拉树海
RibuchaPlateau,阿尔达台地
Rikona_Peninshra,利科纳半岛
RinosPass,利诺斯岭
RirikendoBridge,欧兰桥
RirimukuHighlands,沃尔纳高地
RirimukuMt,沃尔纳山
RiritotoLake,利利特特湖
RishakutoPlateau,纳利夏高地
RitoHatago,利特驿站
RiverSideHatago,河畔驿站
RodaiLake,罗达伊湖
RogyLake,贾拉湖
RokomakuMt,玛德罗纳山
RonronCity,麦贝镇遗迹
RonronFarm,平原牧场遗迹
RonronRiver,海利亚河
RoshiganLake,南纳比湖
RosomaLake,托托湖
RuberaHill,马克雅林高地
RutesLake,路特斯湖
RutimaHill,鲁奇玛高地
RutsuPlain,路茨平原
SaiMt,古斯塔夫山
SaihokuCastle,北洛美城堡遗迹
SanaePlateau,包美尔高地
SanrosaLake,鲁皮湖
SaohPoint,三叉山道
SaphiasPlateau,萨菲亚斯台地
SarjonBridge,撒戎桥
SarjonForest,撒戎树海
SasamuroBeach,克拉里海滩
ShariverMt,夏利巴山
ShichijoBridge,荷奈尔桥
ShigonDam,拉聂尔神道中央广场
ShijoBridge,马兹拉桥
ShikuriIslands,文特岛
ShimukaPlateau,布莱德台地
ShinikkyoForest,巨人森林
ShinyarkiPlateau,劳鲁丘陵
ShinyarkiVillage,劳鲁村落遗迹
ShitanoPond,塔尔荷池塘
SnowStatue,第八位英雄的雕像
SojijiHill,萨尔法山丘
SojijiPark,撒丁公园遗迹
SonoPrairie,贝莱平原
SoridaPeninsula,奇克伦岛
SotonkaBridge,泰斯塔桥
SouthGerudoLegacy,刑场遗迹
SouthGerudoRuins,南部绿洲
SouthMine,南部采矿场
StartPoint,复苏神庙
StonePillers,古代石柱群
SugrantForest,思古兰特树海
SusonoLake,卢驰尔湖
SusonoPlain,伊露美娜台地
SusonoPond,伊露美娜池塘
SusonoRiver,泰阿蒙河
SusukadiBridge,达尔布尔桥
SwanLake,海布拉河
TabantaBridge,塔邦挞大桥
TabantaBridgeHatago,塔邦挞大桥驿站
TabantaCrater,吉萨的环形山
TabantaHatago,雪原驿站
TabantaHill,塔邦挞山丘
TabantaSnow_North,北塔邦挞雪原
TabantaSnow_South,南塔邦挞雪原
TabantaVillage,塔邦挞村遗迹
TafeaHill,塔菲亚高地
TagonaTrees,塔巴尔森林
TakkikaPlain,尼凯尔平原
TamaLake,塔玛湖
TamourHatago,东阿卡莱驿站
TamulPlain,奥尔龙盆地
TamurulHatago_02,南阿卡莱驿站
TargarPlain,布兰努山丘
TaruhoPlateau,火萤台地
TaserakaBridge,密斯密桥
TatsubaLake,莫尔赛湖
Taura,沃托里村
TeguriPlain,泰格利平原
TehotaWet,泰荷塔湿地
TennoMt,瓦舒阿山丘
TeraPlain,麦贝草原
TerumeMt,泰尔美山
TerumePass,泰尔美岭
TimesShrine,时光之神殿遗迹
TohikiLake,托西奇池塘
TomiyoPlateau,洛塔托台地
TompoPlain,罗玛尼平原
ToriaBridge,波奇桥
TorumaDesert,卢玛琳沙丘
TotenLake,拉纳湖
TotsugeBridge,卡洛克桥
Tower01,海布拉之塔
Tower02,塔邦挞之塔
Tower03,格鲁德之塔
Tower04,荒野之塔
Tower05,森林之塔
Tower06,平原之塔
Tower07,初始之塔
Tower08,双子山之塔
Tower09,湖之塔
Tower10,奥尔汀之塔
Tower11,阿卡莱之塔
Tower12,拉聂尔之塔
Tower13,哈特诺之塔
Tower14,费罗尼之塔
Tower15,丘陵之塔
TrakaIsland_Big,迈尔卡岛
TrakaIsland_Center,科彭嘉岛
TrakaIsland_East,米奥乌岛
TrakaIsland_New,摩尔德岛
TrakaIsland_North,神庙岛
TrakaIsland_Small,波浓岛
TrakaIsland_South,萨乌兹岛
TrakaIsland_West,维斯岛
TryCape,尝试海角
TsukaiePlateau,茨卡耶台地
TuaboSnow,查波雪原
TunbriPlain,勇萨米平原
TurasuBridge,马神桥
TurasuLake,马神湖
TutukikiSnow,茨茨齐齐雪原
TwinsMountain,双子山
UMiiVillage,一始村
UbotsuPlateau,乌波茨台地
UchoPlateau,梅布尔高原
UkkoPond,乌克池塘
UraitoLake,乌拉伊特湖
UrokoCape,乌洛克海角
VPlateau,基尔克台地
ValleyVillage,飞行训练场
WabiLake,阿卡莱湖
WatakaPlateau,阔塔台地
WeaponCureSpring,大精灵之泉
WestEunpoHighlands,西埃文坡高地
WestGerudo,西格鲁德
WestGerudoRuins,西格鲁德遗迹
WetGarrison,湿地的驻军地遗迹
WhiteZora,卓拉领地
WiseFountain,智慧之泉
XehaPlateau,卓拉台地
XekuBridge,德谷多吊桥
YamabiLake,亚玛比湖
YamariRiver,诺凯河
YarimoRiver,米奇奇河
YashinoBeach,雅西诺海滩
YashinoLegacy,雅西诺遗迹
YuaSnow,聂尔龙雪原
ZamaPlain,塞莱斯平原
ZaridoLake,达鲁马湖
ZaridoPlateau,奥尔汀台地
ZifForest,时光森林
ZitoGreens,鸟鸣草原
ZonauLegacy,左纳乌遗迹群
ZoraBridge,卓拉大桥
