层级,label,中文名,game_x,game_z,px_x,px_y,类别,来源,备注
r5,HyruleCastle_Room_0,观察室,-254.0,-769.4,11492.0,8461.266,城堡房间,LocationPointer,
r5,HyruleCastle_Room_1,食堂,-116.1,-837.4,11767.825,8325.2816,城堡房间,LocationPointer,
r5,HyruleCastle_Room_10,东坑道,-111.5,-977.9,11777.0,8044.266,城堡房间,LocationPointer,
r5,HyruleCastle_Room_11,西坑道,-469.5,-851.4,11061.0,8297.266,城堡房间,LocationPointer,
r5,HyruleCastle_Room_2,训练所,-368.7,-846.6,11262.6,8306.866,城堡房间,LocationPointer,
r5,HyruleCastle_Room_3,图书馆,-157.9,-1067.4,11684.1564,7865.1,城堡房间,LocationPointer,
r5,HyruleCastle_Room_5,牢房,-443.9,-1062.3,11112.2,7875.466,城堡房间,LocationPointer,
r5,HyruleCastle_Room_6,塞尔达的房间,-320.5,-995.9,11359.0,8008.266,城堡房间,LocationPointer,
r5,HyruleCastle_Room_7,船坞,-255.0,-1188.6,11489.9688,7622.734,城堡房间,LocationPointer,
r5,HyruleCastle_Room_8,塞尔达的研究室,-384.0,-983.5,11232.0,8033.0628,城堡房间,LocationPointer,
r5,HyruleCastle_Room_9,国王的书房,-171.7,-1120.7,11656.511,7758.588,城堡房间,LocationPointer,
r4,AdeyaVillage,阿德亚村遗迹,353.0,1953.3,12706.0676,13906.604,遗迹/村落,LocationPointer,
r4,BigTree,腐朽的千年古树,-1107.0,444.3,9786.042,10888.5434,其他,LocationPointer,
r4,BrosRock,兄弟岩,-3986.7,-1751.6,4026.54,6496.884,其他,LocationPointer,
r4,DeathMountain_Entrance,死亡之山登山口,2402.6,-1320.0,16805.156,7359.978,入口/门,LocationPointer,
r4,EastPostTownRuin,东部的驿站村废墟,30.8,1565.4,12061.66382,13130.772,遗迹/村落,LocationPointer,
r4,Execution,监狱遗迹,-681.7,-841.0,10636.602,8317.9336,遗迹/村落,LocationPointer,
r4,FloriaBridge,花柔莉亚桥,1737.9,3467.9,15475.804,16935.872,桥梁,LocationPointer,
r4,FrontGatePosttown,门前驿站村遗迹,-545.0,1455.0,10910.0,12910.0,遗迹/村落,LocationPointer,
r4,GameBitalockGolf,库库甲谷球场,-2998.0,-1049.3,6004.058,7901.452,其他,LocationPointer,
r4,GameMarathon,马拉松报名处,-2642.3,-1168.9,6715.384,7662.164000000001,其他,LocationPointer,
r4,GatakaraGarrison,科摩罗驻军地遗迹,-465.0,1272.4,11069.9852,12544.726,遗迹/村落,LocationPointer,
r4,HatenoGate,哈特诺堡垒,2323.7,1837.1,16647.44,13674.137999999999,入口/门,LocationPointer,
r4,HyruleCastle,海拉鲁城堡,-254.0,-611.4,11492.0,8777.266,城堡,LocationMarker,
r4,HyruleGarrison,海拉鲁驻军地遗迹,-588.0,574.0,10824.0,11148.0,遗迹/村落,LocationPointer,
r4,HyruleLabo,王室古代研究所遗迹,-1265.0,-1030.0,9470.0,7940.0,遗迹/村落,LocationPointer,
r4,HyruleWater,蓄水池遗迹,-596.6,-516.7,10806.7476,8966.6538,遗迹/村落,LocationPointer,
r4,JogoBridge,莱波纳桥,822.5,33.9,13645.0178,10067.87878,桥梁,LocationPointer,
r4,KaturaCastle,贤者之神殿遗迹,-1355.0,233.0,9290.0,10466.0,遗迹/村落,LocationPointer,
r4,KochuBridge,卡卡利科桥,1785.4,1533.2,15570.828,13066.304,桥梁,LocationPointer,
r4,KumSpa,库姆的秘泉,-4090.5,-2753.0,3819.0,4494.0,温泉/泉,LocationPointer,
r4,KunaiBridge,亚阔桥,-1128.8,1017.1,9742.387999999999,12034.106,桥梁,LocationPointer,
r4,LanayruWestEntrance,拉聂尔神道西口,2304.9,706.6,16609.75,11413.1616,入口/门,LocationPointer,
r4,LittleBrotherBridge,双子弟弟桥,1715.9,2149.6,15431.83,14299.104,桥梁,LocationPointer,
r4,MasazuBridge,欧荷利桥,-614.2,-658.6,10771.54,8682.8852,桥梁,LocationPointer,
r4,MinakkareBridge,南阿卡莱桥,3686.6,-1003.6,19373.126,7992.882,桥梁,LocationPointer,
r4,MinakkareBridgeEast,东南阿卡莱桥,3860.8,-1095.1,19721.602,7809.776,桥梁,LocationPointer,
r4,MinakkareBridgeWest,西南阿卡莱桥,3591.4,-1020.2,19182.744,7959.634,桥梁,LocationPointer,
r4,NantanCastle,南洛美城堡遗迹,-1795.0,3534.8,8410.0,17069.6,遗迹/村落,LocationPointer,
r4,NishojiBridge,古利奥桥,-1305.0,810.0,9390.0,11620.0,桥梁,LocationPointer,
r4,PostTownRuin,海拉鲁驿站村废墟,-246.7,1675.4,11506.625,13350.782,遗迹/村落,LocationPointer,
r4,SaihokuCastle,北洛美城堡遗迹,-825.1,-3411.8,10349.8,3176.3999999999996,遗迹/村落,LocationPointer,
r4,SarjonBridge,撒戎桥,1025.6,3236.3,14051.264,16472.576,桥梁,LocationPointer,
r4,ShigonDam,拉聂尔神道中央广场,2709.5,1163.7,17418.904000000002,12327.342,入口/门,LocationPointer,
r4,SnowStatue,第八位英雄的雕像,-4355.1,499.0,3289.8019999999997,10998.0406,其他,LocationPointer,
r4,TabantaCrater,吉萨的环形山,-3931.3,-1089.5,4137.352,7820.976000000001,其他,LocationPointer,
r4,TabantaVillage,塔邦挞村遗迹,-2319.5,-1918.0,7361.0,6164.0,遗迹/村落,LocationPointer,
r4,WetGarrison,湿地的驻军地遗迹,1520.3,-169.8,15040.528,9660.3088,遗迹/村落,LocationPointer,
r4,WisdomFountain,智慧之泉,3945.6,1343.2,19891.198,12686.45,温泉/泉,LocationPointer,官方中文名(704表)
r4,XekuBridge,德谷多吊桥,-1665.0,1542.0,8670.0,13084.0,桥梁,LocationPointer,
r4,ZonauLegacy,左纳乌遗迹群,842.5,2965.0,13685.0442,15930.036,遗迹/村落,LocationPointer,
